UBC,om,depth,...4,soil_map_unit,description,main_tex,CODE,clay,silt,sand,gravel,note,...14,wp,fc,thetas,bd,tex_sum,id,model_code,theta_r_mean,theta_s_mean,alpha_mean,npar_mean,Ksat_mean,theta_r_sd,theta_s_sd,alpha_sd,npar_sd,Ksat_sd
120100,1.45,10,NL,KK en  varianten,"Kleefaarde, verweerde kalksteen",K,120100-O,0.284,0.584,0.133,0,NA,NA,0.17721469444,0.3522572670789205,0.4714819953509205,1.4005727123200606,1.001,1,5,0.0962690766409474,0.4341583352810684,0.004685245179720293,1.3877764592246327,11.805099535158954,0.011990664705151985,0.010917639228575493,1.1663308618770212,1.033094639549079,1.2857998374810253
120200,4.32,20,NL,KK en  varianten,"Kleefaarde, verweerde kalksteen",K,120200-O,0.284,0.584,0.133,0,NA,NA,0.18694175584,0.3703221203806112,0.5455995788126112,1.2041611161465802,1.001,2,5,0.10036859030698822,0.4821784096146615,0.005430218127603772,1.3920490509905386,31.960919488853758,0.014107832203888292,0.012858059511470276,1.187809972998417,1.0355323689865266,1.352913384139772
120300,2.33,10,NL,KK en  varianten,"Kleefaarde, verweerde kalksteen",K,120300-O,0.284,0.584,0.133,0,NA,NA,0.18019720804,0.3577579929093811,0.49416962102138107,1.3404505042933401,1.001,3,5,0.09774811665877381,0.4489791240645377,0.0048978792895615336,1.39105467514507,16.11593698808099,0.01264006252889783,0.011500111130923741,1.1723612659374292,1.0327765341708177,1.2986138122374045
120400,2.14,10,NL,KK en  varianten,"Kleefaarde, verweerde kalksteen",K,120400-O,0.284,0.584,0.133,0,NA,NA,0.17955325624,0.3565674672032322,0.4892682873952322,1.3534390384026347,1.001,4,5,0.0974468722467397,0.44578630151340315,0.004851108202721041,1.3905030045160545,15.076083014891651,0.012497712582556162,0.011374672834714022,1.1710891167255566,1.0327573238608312,1.2955270258615368
120500,0.5,5,NL,KK en  varianten,"Kleefaarde, verweerde kalksteen",K,120500-O,0.284,0.584,0.133,0,NA,NA,0.17399493544000003,0.34635702885064,0.44702771752264003,1.4653765485650039,1.001,5,5,0.09441624324749866,0.4180569158825034,0.004462693044363156,1.382098623242269,8.366904052111115,0.011374010567192394,0.010288140086560597,1.1596216299480309,1.0347269282950626,1.2739815601598001
120600,0,1,NL,KK en  varianten,"Kleefaarde, verweerde kalksteen",K,120600-O,0.284,0.584,0.133,0,NA,NA,0.17230032543999999,0.3432675062113973,0.43417291088339727,1.4994417861589973,1.001,6,5,0.09332391024483995,0.4095319627139259,0.004345345516511599,1.3781847176932536,6.947984948364177,0.01113521403024852,0.009973278279876565,1.1572083248305207,1.0362196183609544,1.2688531969190733
120700,6.98,20,NL,KK en  varianten,"Kleefaarde, verweerde kalksteen",K,120700-O,0.284,0.584,0.133,0,NA,NA,0.19595708104,0.3873870644509483,0.6146158337629483,1.021268040528187,1.001,7,5,0.10262071389431537,0.5256961438153853,0.006307285651033661,1.3820512202197879,76.78844921820568,0.016091097025445686,0.015173737434621222,1.2287403628908322,1.0455104607858101,1.5038214961917433
140100,1.45,10,NL,"AHl,Ahc",Loess,Ahlc,140100-O,0.088,0.777,0.135,0,NA,NA,0.07056592059999998,0.29012037222005566,0.43636453390005564,1.4936339851648524,1,8,5,0.05373080045491661,0.3799572364687829,0.003110654668932713,1.6985085875621921,20.601044432104246,0.012672274541041223,0.01546359191380644,1.2921837032412282,1.0845525825141884,1.6755096662978124
140200,4.32,20,NL,"AHl,Ahc",Loess,Ahlc,140200-O,0.088,0.777,0.135,0,NA,NA,0.0886622464,0.3289450077573823,0.5559205015173824,1.1768106709789368,1,9,5,0.061450642093357294,0.44141078450324933,0.003209413979831531,1.7214349693814694,57.620370685005724,0.012693759080232984,0.015878543847786416,1.2457700624129113,1.0674198723713726,1.6740262596892903
140300,2.33,10,NL,"AHl,Ahc",Loess,Ahlc,140300-O,0.088,0.777,0.135,0,NA,NA,0.07611461979999999,0.30182482501090213,0.47282284461090207,1.3970194617811094,1,10,5,0.05604790315751861,0.398515337272749,0.0031170245803467723,1.7125592926132585,28.365895784603815,0.012165394113438152,0.013943734366888899,1.2514920769854658,1.0754502091907767,1.5777587149180001
140400,2.14,10,NL,"AHl,Ahc",Loess,Ahlc,140400-O,0.088,0.777,0.135,0,NA,NA,0.0749166052,0.29928275727366244,0.4649361939136624,1.4179190861287945,1,11,5,0.055542690715227716,0.3944882210681589,0.003114177738764777,1.7100489335731368,26.489010991521234,0.012236000989849543,0.014131147308571559,1.2576029267858562,1.077049067977494,1.5902320941703905
140500,0.5,5,NL,"AHl,Ahc",Loess,Ahlc,140500-O,0.088,0.777,0.135,0,NA,NA,0.06457584759999999,0.27768339830531175,0.39720464518531173,1.5974076902589238,1,12,5,0.05130686438533308,0.3601542300453733,0.0031165542058446253,1.6766619357831418,14.386422804306422,0.013690845550066309,0.018825174970310554,1.377209700196882,1.0996483465943743,1.8875095129817816
140600,0,1,NL,"AHl,Ahc",Loess,Ahlc,140600-O,0.088,0.777,0.135,0,NA,NA,0.06142317759999999,0.27122040846685214,0.3766769633468521,1.651806047130842,1,13,5,0.050069496349743794,0.34980611581782484,0.0031203154880464633,1.662654502010286,11.804079067677781,0.014388014395997841,0.0211940684034418,1.444529710993239,1.1099547273671795,2.057742645426904
140700,6.98,20,NL,"AHl,Ahc",Loess,Ahlc,140700-O,0.088,0.777,0.135,0,NA,NA,0.1054344508,0.3666084909554445,0.6684081461554446,0.8787184126880717,1,14,5,0.06869873569939691,0.500923707669319,0.00355135093746623,1.6884725126708948,146.80212483862735,0.01599686439729712,0.024145785560260636,1.32438394294816,1.0729745189482194,2.1807112505320485
141100,1.45,10,NL,BLd6,"Brikgrond met diepere Bt, 60 cm",BLd,141100-O,0.088,0.792,0.12,0,NA,NA,0.0707500192,0.29438277873802887,0.4371614740980289,1.4915220936402231,1,15,5,0.054528135172868246,0.381624640246513,0.0029537161893710235,1.7212409429848068,20.608477782111184,0.01310282971860212,0.016300677697242378,1.304678454860277,1.089364668912565,1.6992411022378648
141200,4.32,20,NL,BLd6,"Brikgrond met diepere Bt, 60 cm",BLd,141200-O,0.088,0.792,0.12,0,NA,NA,0.08860095999999999,0.33303718620371714,0.5578149500437173,1.1717903823841491,1,16,5,0.06230347722394607,0.4429754670310997,0.003060599745784769,1.7444400162046911,57.81536679166226,0.013139977845041912,0.01671739332593512,1.255713525547194,1.07166470506941,1.705458533438653
141300,2.33,10,NL,BLd6,"Brikgrond met diepere Bt, 60 cm",BLd,141300-O,0.088,0.792,0.12,0,NA,NA,0.0762234784,0.30603883328132164,0.4739601001613216,1.3940057345724977,1,17,5,0.05686547301046263,0.4001710326850317,0.002963903076100246,1.7357915600822444,28.43132143271054,0.012589408219924303,0.014768117379083524,1.2628217046330548,1.0800152230803106,1.5996704632780583
141400,2.14,10,NL,BLd6,"Brikgrond met diepere Bt, 60 cm",BLd,141400-O,0.088,0.792,0.12,0,NA,NA,0.07504170880000002,0.30350749942927385,0.46600025654927385,1.4150993201444244,1,18,5,0.05635613062118916,0.39614862245584503,0.0029603620623181,1.7332056200574302,26.542137345675783,0.012660437554224637,0.014957484760755622,1.2691412558828827,1.0816581618841807,1.6122496662830963
141500,0.5,5,NL,BLd6,"Brikgrond met diepere Bt, 60 cm",BLd,141500-O,0.088,0.792,0.12,0,NA,NA,0.0648411712,0.28199428334943466,0.3976304299094347,1.596279360739998,1,19,5,0.05207920187387487,0.36180333570846934,0.0029537363436657874,1.698414149328563,14.334814573740404,0.014140952025862508,0.019700031408872127,1.392285821356314,1.1048993780275487,1.918501809321848
141600,0,1,NL,BLd6,"Brikgrond met diepere Bt, 60 cm",BLd,141600-O,0.088,0.792,0.12,0,NA,NA,0.06173125119999999,0.2755552365103844,0.3769058310703844,1.6511995476634815,1,20,5,0.05082675234660608,0.35143333474087707,0.002953736641725396,1.6837088174405839,11.727695711427575,0.014853712734454882,0.02210489659478636,1.462327130333243,1.1155348794826132,2.098926194786469
141700,6.98,20,NL,BLd6,"Brikgrond met diepere Bt, 60 cm",BLd,141700-O,0.088,0.792,0.12,0,NA,NA,0.1051457344,0.3705110018472005,0.6712879023272005,0.8710870588329187,1,21,5,0.06957547715780478,0.5023526134753034,0.0034032875463948383,1.7087485976315633,147.1704775537358,0.016517259266080588,0.025315151602414526,1.3366809389679373,1.0770501477158199,2.2503543970493114
142100,1.45,10,NL,"BLh6, BLn6, BLb6","Brikgronden, met ondiepe Bt 30 cm",BL,142100-O,0.073,0.792,0.134,0,NA,NA,0.062417013640000005,0.2858734565226812,0.4339333703546812,1.5000765685600945,0.9990000000000001,22,5,0.051391448619014346,0.3768203026564193,0.00305129962391621,1.7264620721276385,21.941950101136534,0.013358445261231627,0.01742922621123444,1.3343720727784436,1.094849767375446,1.7896954241658627
142200,4.32,20,NL,"BLh6, BLn6, BLb6","Brikgronden, met ondiepe Bt 30 cm",BL,142200-O,0.073,0.792,0.134,0,NA,NA,0.08113498144,0.32616118568152125,0.5569385519535214,1.1741128373231684,0.9990000000000001,23,5,0.05908481570592345,0.4387021178018766,0.003123193209214586,1.750236191123241,60.77221763350822,0.013250733034675943,0.017035542536861393,1.272167204143778,1.075191234601699,1.747910728341854
142300,2.33,10,NL,"BLh6, BLn6, BLb6","Brikgronden, met ondiepe Bt 30 cm",BL,142300-O,0.073,0.792,0.134,0,NA,NA,0.06815632084,0.2980092511164354,0.4714320075084354,1.4007051801026462,0.9990000000000001,24,5,0.05366928220533025,0.39546391609151915,0.0030485225289595573,1.7412194839739574,30.114912753023084,0.01282036873645318,0.01555952625929406,1.2855126114341027,1.0846142102314509,1.6648680239710705
142400,2.14,10,NL,"BLh6, BLn6, BLb6","Brikgronden, met ondiepe Bt 30 cm",BL,142400-O,0.073,0.792,0.134,0,NA,NA,0.06691715224,0.2953727597096144,0.4633194478216144,1.4222034632727218,0.9990000000000001,25,5,0.053170193481508775,0.39141523476411577,0.0030475880756482368,1.7385868625401217,28.142476610242312,0.012899315114543402,0.01581965921618149,1.2930912727518586,1.0864264236837138,1.6820066036192591
142500,0.5,5,NL,"BLh6, BLn6, BLb6","Brikgronden, met ondiepe Bt 30 cm",BL,142500-O,0.073,0.792,0.134,0,NA,NA,0.05622117064000001,0.27298797653301554,0.39366754896501555,1.6067809952427088,0.9990000000000001,26,5,0.049041399884931246,0.35696023383484715,0.0030676265697198585,1.7035228056204188,15.365338124184152,0.01438400454620151,0.021175517462562594,1.4327491448179002,1.1116018606509983,2.0483366227274136
142600,0,1,NL,"BLh6, BLn6, BLb6","Brikgronden, met ondiepe Bt 30 cm",BL,142600-O,0.073,0.792,0.134,0,NA,NA,0.05296020064000001,0.2662960816166579,0.3725649480486579,1.6627028876710566,0.9990000000000001,27,5,0.04785541921274168,0.34659650468451875,0.003077058862531123,1.688854424586843,12.621690127021855,0.015074503231105455,0.02374973870982124,1.5099245810923214,1.122961315217594,2.2573732369245807
142700,6.98,20,NL,"BLh6, BLn6, BLb6","Brikgronden, met ondiepe Bt 30 cm",BL,142700-O,0.073,0.792,0.134,0,NA,NA,0.09848334184000002,0.36532579116981534,0.6727681133618155,0.8671644995911888,0.9990000000000001,28,5,0.06656234045468057,0.4990406311075099,0.0034456450730332663,1.7142609836690164,153.8888895923402,0.016573898570385458,0.025661048287116933,1.3517888288294149,1.080076734993127,2.298673344869663
143100,1.45,10,NL,"AHa,AHk,AHs","Loess op glauconiet,kalksteen, vuursteen,",AH,143100-O,0.088,0.777,0.135,0,NA,NA,0.07056592059999998,0.29012037222005566,0.43636453390005564,1.4936339851648524,1,29,5,0.05373080045491661,0.3799572364687829,0.003110654668932713,1.6985085875621921,20.601044432104246,0.012672274541041223,0.01546359191380644,1.2921837032412282,1.0845525825141884,1.6755096662978124
143200,4.32,20,NL,"AHa,AHk,AHs","Loess op glauconiet,kalksteen, vuursteen,",AH,143200-O,0.088,0.777,0.135,0,NA,NA,0.0886622464,0.3289450077573823,0.5559205015173824,1.1768106709789368,1,30,5,0.061450642093357294,0.44141078450324933,0.003209413979831531,1.7214349693814694,57.620370685005724,0.012693759080232984,0.015878543847786416,1.2457700624129113,1.0674198723713726,1.6740262596892903
143300,2.33,10,NL,"AHa,AHk,AHs","Loess op glauconiet,kalksteen, vuursteen,",AH,143300-O,0.088,0.777,0.135,0,NA,NA,0.07611461979999999,0.30182482501090213,0.47282284461090207,1.3970194617811094,1,31,5,0.05604790315751861,0.398515337272749,0.0031170245803467723,1.7125592926132585,28.365895784603815,0.012165394113438152,0.013943734366888899,1.2514920769854658,1.0754502091907767,1.5777587149180001
143400,2.14,10,NL,"AHa,AHk,AHs","Loess op glauconiet,kalksteen, vuursteen,",AH,143400-O,0.088,0.777,0.135,0,NA,NA,0.0749166052,0.29928275727366244,0.4649361939136624,1.4179190861287945,1,32,5,0.055542690715227716,0.3944882210681589,0.003114177738764777,1.7100489335731368,26.489010991521234,0.012236000989849543,0.014131147308571559,1.2576029267858562,1.077049067977494,1.5902320941703905
143500,0.5,5,NL,"AHa,AHk,AHs","Loess op glauconiet,kalksteen, vuursteen,",AH,143500-O,0.088,0.777,0.135,0,NA,NA,0.06457584759999999,0.27768339830531175,0.39720464518531173,1.5974076902589238,1,33,5,0.05130686438533308,0.3601542300453733,0.0031165542058446253,1.6766619357831418,14.386422804306422,0.013690845550066309,0.018825174970310554,1.377209700196882,1.0996483465943743,1.8875095129817816
143600,0,1,NL,"AHa,AHk,AHs","Loess op glauconiet,kalksteen, vuursteen,",AH,143600-O,0.088,0.777,0.135,0,NA,NA,0.06142317759999999,0.27122040846685214,0.3766769633468521,1.651806047130842,1,34,5,0.050069496349743794,0.34980611581782484,0.0031203154880464633,1.662654502010286,11.804079067677781,0.014388014395997841,0.0211940684034418,1.444529710993239,1.1099547273671795,2.057742645426904
143700,6.98,20,NL,"AHa,AHk,AHs","Loess op glauconiet,kalksteen, vuursteen,",AH,143700-O,0.088,0.777,0.135,0,NA,NA,0.1054344508,0.3666084909554445,0.6684081461554446,0.8787184126880717,1,35,5,0.06869873569939691,0.500923707669319,0.00355135093746623,1.6884725126708948,146.80212483862735,0.01599686439729712,0.024145785560260636,1.32438394294816,1.0729745189482194,2.1807112505320485
144100,1.45,10,NL,Ldh6 e.a. LD varianten,"Colluvium, ooivaaggrond, A-C profiel",L,144100-O,0.088,0.777,0.135,1,NA,NA,0.07056592059999998,0.29012037222005566,0.43636453390005564,1.5001802396753725,1,36,5,0.05376257435681942,0.37896175900896734,0.0030894085478714774,1.6991460664328095,20.060934791716107,0.012737981232887281,0.015635532824872355,1.2958415207468164,1.0855585690457432,1.6836709159728613
144200,4.32,20,NL,Ldh6 e.a. LD varianten,"Colluvium, ooivaaggrond, A-C profiel",L,144200-O,0.088,0.777,0.135,1,NA,NA,0.0886622464,0.3289450077573823,0.5559205015173824,1.183389375128052,1,37,5,0.0615131389268491,0.44037428040264515,0.0031830454007082828,1.7237812149952563,56.209078060053486,0.012669011307098634,0.015753284484374106,1.2445840885242232,1.0677407059961503,1.666635144447468
144300,2.33,10,NL,Ldh6 e.a. LD varianten,"Colluvium, ooivaaggrond, A-C profiel",L,144300-O,0.088,0.777,0.135,1,NA,NA,0.07611461979999999,0.30182482501090213,0.47282284461090207,1.4036562692820882,1,38,5,0.05608892913684863,0.39749968082313475,0.003094547394808822,1.713771904734846,27.639983309617037,0.012200424822113809,0.014008130420921052,1.253068224007894,1.0761873532059036,1.5800418375710323
144400,2.14,10,NL,Ldh6 e.a. LD varianten,"Colluvium, ooivaaggrond, A-C profiel",L,144400-O,0.088,0.777,0.135,1,NA,NA,0.0749166052,0.29928275727366244,0.4649361939136624,1.4245422988738687,1,39,5,0.05558169115990235,0.39347655320456787,0.0030920156435000163,1.7111387410549523,25.808341950459074,0.012277763700433961,0.014219710013420386,1.259597329968223,1.0778413434221659,1.593889280560429
144500,0.5,5,NL,Ldh6 e.a. LD varianten,"Colluvium, ooivaaggrond, A-C profiel",L,144500-O,0.088,0.777,0.135,1,NA,NA,0.06457584759999999,0.27768339830531175,0.39720464518531173,1.603777970857629,1,40,5,0.05132934180268107,0.3591837773618125,0.003095772358410405,1.676696555497063,13.992866430643183,0.013784993354375748,0.019086036151693977,1.3836352376093268,1.1009636645545986,1.9017081810091527
144600,0,1,NL,Ldh6 e.a. LD varianten,"Colluvium, ooivaaggrond, A-C profiel",L,144600-O,0.088,0.777,0.135,1,NA,NA,0.06142317759999999,0.27122040846685214,0.3766769633468521,1.6580515453425637,1,41,5,0.050086991874857545,0.34885079792013785,0.0030993885413399228,1.6623969208782219,11.473034414999006,0.014494116110222029,0.021489972025050583,1.4529405565805702,1.1114293071310448,2.077719251083373
144700,6.98,20,NL,Ldh6 e.a. LD varianten,"Colluvium, ooivaaggrond, A-C profiel",L,144700-O,0.088,0.777,0.135,1,NA,NA,0.1054344508,0.3666084909554445,0.6684081461554446,0.8846313607668833,1,42,5,0.06878201947348775,0.49993192701858313,0.003519887377933972,1.691488246232605,143.63777118285944,0.01593309979445225,0.023947836583966896,1.3213770345135827,1.0727900034334548,2.168278643124953
145100,1.45,10,NL,"FG varianten, Abl",Zavel in ondergrond,FG,145100-O,0.088,0.777,0.135,0,NA,NA,0.07056592059999998,0.29012037222005566,0.43636453390005564,1.4936339851648524,1,43,5,0.05373080045491661,0.3799572364687829,0.003110654668932713,1.6985085875621921,20.601044432104246,0.012672274541041223,0.01546359191380644,1.2921837032412282,1.0845525825141884,1.6755096662978124
145200,4.32,20,NL,"FG varianten, Abl",Zavel in ondergrond,FG,145200-O,0.088,0.777,0.135,0,NA,NA,0.0886622464,0.3289450077573823,0.5559205015173824,1.1768106709789368,1,44,5,0.061450642093357294,0.44141078450324933,0.003209413979831531,1.7214349693814694,57.620370685005724,0.012693759080232984,0.015878543847786416,1.2457700624129113,1.0674198723713726,1.6740262596892903
145300,2.33,10,NL,"FG varianten, Abl",Zavel in ondergrond,FG,145300-O,0.088,0.777,0.135,0,NA,NA,0.07611461979999999,0.30182482501090213,0.47282284461090207,1.3970194617811094,1,45,5,0.05604790315751861,0.398515337272749,0.0031170245803467723,1.7125592926132585,28.365895784603815,0.012165394113438152,0.013943734366888899,1.2514920769854658,1.0754502091907767,1.5777587149180001
145400,2.14,10,NL,"FG varianten, Abl",Zavel in ondergrond,FG,145400-O,0.088,0.777,0.135,0,NA,NA,0.0749166052,0.29928275727366244,0.4649361939136624,1.4179190861287945,1,46,5,0.055542690715227716,0.3944882210681589,0.003114177738764777,1.7100489335731368,26.489010991521234,0.012236000989849543,0.014131147308571559,1.2576029267858562,1.077049067977494,1.5902320941703905
145500,0.5,5,NL,"FG varianten, Abl",Zavel in ondergrond,FG,145500-O,0.088,0.777,0.135,0,NA,NA,0.06457584759999999,0.27768339830531175,0.39720464518531173,1.5974076902589238,1,47,5,0.05130686438533308,0.3601542300453733,0.0031165542058446253,1.6766619357831418,14.386422804306422,0.013690845550066309,0.018825174970310554,1.377209700196882,1.0996483465943743,1.8875095129817816
145600,0,1,NL,"FG varianten, Abl",Zavel in ondergrond,FG,145600-O,0.088,0.777,0.135,0,NA,NA,0.06142317759999999,0.27122040846685214,0.3766769633468521,1.651806047130842,1,48,5,0.050069496349743794,0.34980611581782484,0.0031203154880464633,1.662654502010286,11.804079067677781,0.014388014395997841,0.0211940684034418,1.444529710993239,1.1099547273671795,2.057742645426904
145700,6.98,20,NL,"FG varianten, Abl",Zavel in ondergrond,FG,145700-O,0.088,0.777,0.135,0,NA,NA,0.1054344508,0.3666084909554445,0.6684081461554446,0.8787184126880717,1,49,5,0.06869873569939691,0.500923707669319,0.00355135093746623,1.6884725126708948,146.80212483862735,0.01599686439729712,0.024145785560260636,1.32438394294816,1.0729745189482194,2.1807112505320485
150100,1.45,10,NL,4004/4019 (M),Lichte Zavel homogene ondergrond,M,150100-O,0.129,0.737,0.134,0,NA,NA,0.09288541972000001,0.30292469382887993,0.4433432835648799,1.4751402985530684,1,50,5,0.06096509599417756,0.3897190410269105,0.0032775327301651012,1.628350402257364,17.646224213795943,0.01100095245803695,0.011254883252218642,1.209275502325862,1.064879750240639,1.4583319135282715
150200,4.32,20,NL,4004/4019 (M),Lichte Zavel homogene ondergrond,M,150200-O,0.129,0.737,0.134,0,NA,NA,0.10922151712000001,0.3376271728008427,0.5536638911368428,1.1827906884873667,1,51,5,0.06855794771527922,0.4496003802266623,0.0034635820902679626,1.6478939551741285,50.358197891052626,0.011635055572691387,0.013664816495746426,1.199722609988568,1.0544860560156608,1.5355236242610566
150300,2.33,10,NL,4004/4019 (M),Lichte Zavel homogene ondergrond,M,150300-O,0.129,0.737,0.134,0,NA,NA,0.09789439732,0.3134096096289041,0.47701424576490403,1.3859122487230042,1,52,5,0.06333009877220504,0.40791126627433094,0.0033132300624885607,1.640202604273956,24.466806768463076,0.010681678107787597,0.010757323768887028,1.1886819213492859,1.0588293040189853,1.4181345142982669
150400,2.14,10,NL,4004/4019 (M),Lichte Zavel homogene ondergrond,M,150400-O,0.129,0.737,0.134,0,NA,NA,0.09681291352,0.31113417489355555,0.4697327328295556,1.4052082580016778,1,53,5,0.06282118169106338,0.4039718812987971,0.0033042739046055744,1.638085621508493,22.813956039623392,0.010707658570149114,0.01074294301775482,1.1912475004741672,1.0598554790304162,1.4210797957233543
150500,0.5,5,NL,4004/4019 (M),Lichte Zavel homogene ondergrond,M,150500-O,0.129,0.737,0.134,0,NA,NA,0.08747800072000002,0.2917601880050469,0.40714838674104686,1.5710567751362259,1,54,5,0.058397875116698264,0.3702071160137118,0.0032495247486206886,1.6097927355572363,12.244392643790567,0.011901357752786541,0.013438114689007028,1.261938399747422,1.0755802910948231,1.572644511899032
150600,0,1,NL,4004/4019 (M),Lichte Zavel homogene ondergrond,M,150600-O,0.129,0.737,0.134,0,NA,NA,0.08463199072000002,0.2859485367332549,0.3881628454692549,1.6213684595064743,1,55,5,0.05704588234003002,0.3599718641026309,0.00323472770902246,1.5977662322382982,10.01933507838334,0.012579786336001084,0.01520065550932676,1.3064651642791973,1.0831483235384056,1.6652461799707758
150700,6.98,20,NL,4004/4019 (M),Lichte Zavel homogene ondergrond,M,150700-O,0.129,0.737,0.134,0,NA,NA,0.12436229032000003,0.3710971718016914,0.6572189849376915,0.9083696899151176,1,56,5,0.07503211783839538,0.5065915665798063,0.0038716068513670295,1.6215880643614518,129.62091324818246,0.014905054421153034,0.020816092710022237,1.2728147023265586,1.061407538075441,1.9424417039933592
151100,1.45,10,NL,"4016/4020/4013 (Rd,Rn)","Zavel en lichte klei, homogene ondergrond",Rd,151100-O,0.195,0.731,0.074,0,NA,NA,0.1290333286,0.3371108563529103,0.4607955566329103,1.4288917749227876,1,57,5,0.07761197585707741,0.4143022633147628,0.003093846693007899,1.581623129854359,15.029376182309372,0.011118789419966807,0.011136538333643538,1.1762714024835619,1.0566392887072646,1.341008953326879
151200,4.32,20,NL,"4016/4020/4013 (Rd,Rn)","Zavel en lichte klei, homogene ondergrond",Rd,151200-O,0.195,0.731,0.074,0,NA,NA,0.14158068159999998,0.3638111897988453,0.5598179040388453,1.1664825542970598,1,58,5,0.08405692181117062,0.4702463993490236,0.003480828136168883,1.5919311452495133,44.178924879833595,0.013238873652582304,0.015167853989792519,1.1948623173827837,1.0523563446040443,1.5006478312054483
151300,2.33,10,NL,"4016/4020/4013 (Rd,Rn)","Zavel en lichte klei, homogene ondergrond",Rd,151300-O,0.195,0.731,0.074,0,NA,NA,0.1328806006,0.3452119356570078,0.4910720269770078,1.3486591285109293,1,59,5,0.07977803386996458,0.43146902783450264,0.0031953344802211083,1.589860644724709,21.098263675762887,0.011469815064221654,0.0118707400094474,1.1747207149197474,1.0536604562461211,1.357019886306077
151400,2.14,10,NL,"4016/4020/4013 (Rd,Rn)","Zavel en lichte klei, homogene ondergrond",Rd,151400-O,0.195,0.731,0.074,0,NA,NA,0.1320499396,0.34345641705654745,0.4845286398565474,1.3659991043801494,1,60,5,0.07932475707414692,0.4277657677115829,0.003172561962698195,1.58847882368299,19.625820324195075,0.01136056676875928,0.011660048419271464,1.1743069764091063,1.0541423729750277,1.3508125727864042
151500,0.5,5,NL,"4016/4020/4013 (Rd,Rn)","Zavel en lichte klei, homogene ondergrond",Rd,151500-O,0.195,0.731,0.074,0,NA,NA,0.1248800236,0.32845053342290004,0.42819589110289996,1.5152808885773148,1,61,5,0.07507864199380074,0.3956849381537474,0.0029893862034229253,1.567408163412357,10.25287204466358,0.011297679820075474,0.011222539422509479,1.19323156081879,1.0625065805117668,1.3620200806236396
151600,0,1,NL,"4016/4020/4013 (Rd,Rn)","Zavel en lichte klei, homogene ondergrond",Rd,151600-O,0.195,0.731,0.074,0,NA,NA,0.12269407359999998,0.3239279828425317,0.4110736865225317,1.560654730715291,1,62,5,0.07366059450249697,0.3858222351987339,0.0029321357313589697,1.5577159529779123,8.30083853020027,0.011678325079392001,0.011747930999643406,1.214026078298956,1.0670565165392705,1.3950369484305634
151700,6.98,20,NL,"4016/4020/4013 (Rd,Rn)","Zavel en lichte klei, homogene ondergrond",Rd,151700-O,0.195,0.731,0.074,0,NA,NA,0.15320993559999999,0.3892783997539035,0.6523152732739035,0.9213645258241557,1,63,5,0.08850326876068661,0.5221104232217558,0.004051569083333118,1.5654187079054176,114.01602704552886,0.01619011413730988,0.02115296238704834,1.2629070735370662,1.0600953360576724,1.8612969759844311
210100,1.45,10,W,2010 2020,Sableux/Sable limoneux,S,210100-O,0.03,0.22,0.75,0,NA,NA,0.02869168,0.10582174502083075,0.43619964302083075,1.4940709459947983,1,64,5,0.032123266095810336,0.3565596095768592,0.029516459639804222,1.4626267660712404,133.44787527661856,0.009044081889595322,0.010159908879647198,1.2109523040674222,1.0518127914429325,1.2640777345638563
210200,4.32,20,W,2010 2020,Sableux/Sable limoneux,S,210200-O,0.03,0.22,0.75,0,NA,NA,0.059315728000000005,0.1505133733756651,0.5169982821756651,1.2799545522344873,1,65,5,0.03901958615118022,0.4119229715131373,0.027837580053505326,1.4061635324181814,202.3580924488946,0.010100874330555457,0.012339767607216784,1.2781381941717234,1.0539100928918193,1.2940950247681682
210300,2.33,10,W,2010 2020,Sableux/Sable limoneux,S,210300-O,0.03,0.22,0.75,0,NA,NA,0.038081632000000004,0.11904025301698704,0.460489290216987,1.4297033809249844,1,66,5,0.034163413361090876,0.3726893876711919,0.028956385181636395,1.4459475664834922,149.04872864525086,0.009249634631221318,0.009969052436504823,1.2216220369166497,1.0509864075148678,1.253993590765143
210400,2.14,10,W,2010 2020,Sableux/Sable limoneux,S,210400-O,0.03,0.22,0.75,0,NA,NA,0.03605425599999999,0.11614995978780748,0.45520863738780754,1.4436971109223102,1,67,5,0.0337168108391858,0.3691400552779074,0.02907397790795682,1.4496214485042231,145.34422583766113,0.009197445217019436,0.009927601231767174,1.2183869342612872,1.0510427612708442,1.2547079773002698
210500,0.5,5,W,2010 2020,Sableux/Sable limoneux,S,210500-O,0.03,0.22,0.75,0,NA,NA,0.018554799999999996,0.09203309702767501,0.41045919702767514,1.5622831278766607,1,68,5,0.030009437570458066,0.34005478546312057,0.030162991063522007,1.4794398583220694,120.46800530416881,0.008916403239709998,0.011460685607005923,1.2137095520697856,1.054465042245146,1.2947844673534485
210600,0,1,W,2010 2020,Sableux/Sable limoneux,S,210600-O,0.03,0.22,0.75,0,NA,NA,0.013219599999999998,0.08497664201069999,0.39711232201069996,1.597652346671645,1,69,5,0.028938978828418716,0.33175609097412734,0.030518837825956692,1.4876677559558842,114.94176336786464,0.00888470579204276,0.012535711732178106,1.2220012749715814,1.0566801967899737,1.3199093530335477
210700,6.98,20,W,2010 2020,Sableux/Sable limoneux,S,210700-O,0.03,0.22,0.75,0,NA,NA,0.087698992,0.1960075318988785,0.5959574750988788,1.0707126909879712,1,70,5,0.04598647310016966,0.46913673469305867,0.02659826785992897,1.35441729055412,336.0516364003085,0.012359918217336134,0.01783812913492823,1.3935232184475472,1.065672239250888,1.4799345170054816
220100,1.45,10,W,4010 4020 4030,Limoneux,A,220100-O,0.213,0.694,0.093,0,NA,NA,0.13869394167999996,0.33804989174245376,0.4624307687264537,1.4245584628748975,1,71,5,0.08070641896392826,0.4172401728388266,0.003425683490083734,1.528720402479306,14.198836829084462,0.010649056456404153,0.010292819251704253,1.1601655428916726,1.0482630891846245,1.3057205691663527
220200,4.32,20,W,4010 4020 4030,Limoneux,A,220200-O,0.213,0.694,0.093,0,NA,NA,0.15078651448,0.3631469980601621,0.5559621640441622,1.1767002652829701,1,72,5,0.0867432190920075,0.4719178503161034,0.003869760930520043,1.5377342634230264,41.256435825567166,0.012986325921714692,0.014025785239923812,1.1823495619312174,1.0456233046214833,1.442045812760895
220300,2.33,10,W,4010 4020 4030,Limoneux,A,220300-O,0.213,0.694,0.093,0,NA,NA,0.14240176888,0.34566940717681904,0.49103362016081903,1.3487609065738297,1,73,5,0.08276073603764998,0.43403154948580236,0.003544481814162509,1.5356458447331633,19.84175788578927,0.011161826254397149,0.011127599703291451,1.1622097423013584,1.0459620433503543,1.3228414783377842
220400,2.14,10,W,4010 4020 4030,Limoneux,A,220400-O,0.213,0.694,0.093,0,NA,NA,0.14160121528,0.34401861256829797,0.484852332552298,1.3651413187364103,1,74,5,0.08233285455368555,0.4304097399514732,0.003517938308054687,1.5344761724695182,18.47281381537089,0.011025793583187025,0.010914228929117751,1.161296792408065,1.0463211964017032,1.3172180079841618
220500,0.5,5,W,4010 4020 4030,Limoneux,A,220500-O,0.213,0.694,0.093,0,NA,NA,0.13469117367999997,0.3298994935835945,0.43162790556759445,1.5061860502458746,1,75,5,0.07827426340055602,0.3990301020599399,0.0033033123667784536,1.5168606280834958,9.759118711901058,0.010557189219652508,0.009979882919913769,1.1682057560230006,1.0529603763057491,1.3133589754910153
220600,0,1,W,4010 4020 4030,Limoneux,A,220600-O,0.213,0.694,0.093,0,NA,NA,0.13258445368,0.32564117700487827,0.41544723898887825,1.5490648166794725,1,76,5,0.07689997397874802,0.38938725672279084,0.0032371589854554533,1.5087798983091518,7.944757489853315,0.01077417960612222,0.010171336776173373,1.1812550741834105,1.0566269856573807,1.332071887440466
220700,6.98,20,W,4010 4020 4030,Limoneux,A,220700-O,0.213,0.694,0.093,0,NA,NA,0.16199426488,0.38704414086388467,0.6432862088478848,0.9452915465531053,1,77,5,0.09076097550375302,0.5223656961620159,0.004491583648877877,1.5164721971986608,105.63443725804161,0.015737384288718088,0.018974973044662596,1.2429865025143279,1.0541346323243905,1.739368824872959
230100,1.45,10,W,"1000, 10000","Mix (tourbeux), omgeven met G",B,230100-O,0.231,0.571,0.198,0,NA,NA,0.14830542075999997,0.3219975903934716,0.4545400032814716,1.4454689913041003,1,78,5,0.08072629763142046,0.41000395088312863,0.004861106857451047,1.4148540341742095,12.103013353995454,0.008846138526340745,0.007795779110096346,1.1320025906421913,1.0307215347299301,1.217706045496287
230200,4.32,20,W,"1000, 10000","Mix (tourbeux), omgeven met G",B,230200-O,0.231,0.571,0.198,0,NA,NA,0.16135008735999998,0.347247688566513,0.5370683101345131,1.2267689781435402,1,79,5,0.08681669600606538,0.4631829124929564,0.005328051776592686,1.4249014016217028,33.14793651400045,0.011072244039904717,0.01051354872441234,1.161235573563525,1.0320976621073108,1.2962949938080204
230300,2.33,10,W,"1000, 10000","Mix (tourbeux), omgeven met G",B,230300-O,0.231,0.571,0.198,0,NA,NA,0.15230517916,0.32966021206619867,0.47976528127419865,1.3786220046233737,1,80,5,0.0827674606053044,0.4262899652531419,0.004986619263514183,1.4202890285575687,16.528222804607104,0.009382059838712216,0.008503780305767355,1.1387015476654976,1.029668289504958,1.2251424049789237
230400,2.14,10,W,"1000, 10000","Mix (tourbeux), omgeven met G",B,230400-O,0.231,0.571,0.198,0,NA,NA,0.15144159495999998,0.327999825638573,0.474312957686573,1.3930706621305815,1,81,5,0.0823401537801208,0.4227707461069124,0.004958465505783025,1.419297200895114,15.456327618139078,0.009248491822768667,0.00833311360403789,1.1370318826047376,1.0297632222303634,1.2223008321967115
230500,0.5,5,W,"1000, 10000","Mix (tourbeux), omgeven met G",B,230500-O,0.231,0.571,0.198,0,NA,NA,0.14398749976,0.31380443365884336,0.42738716074684335,1.517424024020865,1,82,5,0.0783416146237248,0.3924669617460455,0.004735270453465651,1.4065513438306778,8.60898727232375,0.008600492086431002,0.0073890946579572596,1.1295709317952967,1.0337890646134753,1.224496464562382
230600,0,1,W,"1000, 10000","Mix (tourbeux), omgeven met G",B,230600-O,0.231,0.571,0.198,0,NA,NA,0.14171490976,0.309525187494226,0.41312913258222594,1.5552077986571011,1,83,5,0.07700782938555033,0.383256395170557,0.004670025902257603,1.401157557130774,7.1767152962937555,0.00867125626431886,0.007412352951600353,1.1326117083109555,1.036287106435159,1.2347309013129881
230700,6.98,20,W,"1000, 10000","Mix (tourbeux), omgeven met G",B,230700-O,0.231,0.571,0.198,0,NA,NA,0.17344026616,0.37131858300428094,0.6142263248122809,1.0223002392474556,1,84,5,0.09111265034019785,0.5122116606015052,0.005952007267428055,1.4165831149177865,82.06399037095865,0.01364910492771825,0.013392501702729463,1.2080313607731321,1.0423761292914302,1.481323445530705
231100,1.45,10,W,7410,Limoneux sableux,G,231100-O,0.22,0.35,0.43,10,NA,NA,0.141792562,0.2714420261490707,0.43049833974907065,1.577072091364671,1,85,5,0.0716222265436573,0.37214720773639304,0.00918724330619323,1.3130395903392442,9.154340212183401,0.007619380145568961,0.007167480818117562,1.1252977980959507,1.0181605207746498,1.245630618119477
231200,4.32,20,W,7410,Limoneux sableux,G,231200-O,0.22,0.35,0.43,10,NA,NA,0.159100384,0.301978282419948,0.5000996584199481,1.394473476094175,1,86,5,0.07980237034301851,0.422279616567661,0.009007487275148605,1.3223029117933462,19.468433638102752,0.0086637178671127,0.009118333378842736,1.1679418213093455,1.0226127701925436,1.2497845509535477
231300,2.33,10,W,7410,Limoneux sableux,G,231300-O,0.22,0.35,0.43,10,NA,NA,0.14709949,0.28067391522049723,0.4517083664204972,1.5217097306452776,1,87,5,0.07422682508596448,0.38721381697906393,0.009110620670499062,1.3166397039588122,11.442039167011703,0.007736882939811251,0.007592622507809952,1.1357586280207062,1.0178710036029939,1.247481282500515
231400,2.14,10,W,7410,Limoneux sableux,G,231400-O,0.22,0.35,0.43,10,NA,NA,0.14595367600000003,0.27867084860111146,0.4471191110011115,1.5337094357936625,1,88,5,0.07367067220135692,0.38393575940375196,0.009125813541388797,1.3159161179014343,10.897462578688742,0.007693821596282928,0.007476624122108863,1.133156891585815,1.017773842759321,1.2472267986621068
231500,0.5,5,W,7410,Limoneux sableux,G,231500-O,0.22,0.35,0.43,10,NA,NA,0.136063492,0.26160597539528113,0.40773134499528113,1.6362259984697363,1,89,5,0.06873947120224329,0.35623106525080195,0.00928405277224471,1.3084800339218543,7.249236085860332,0.007745411133519154,0.007168509717011703,1.1212537678352086,1.020645185844701,1.2423806877299326
231600,0,1,W,7410,Limoneux sableux,G,231600-O,0.22,0.35,0.43,10,NA,NA,0.133048192,0.25648340052017715,0.39580301012017716,1.6671066044029208,1,90,5,0.06719953575178018,0.34800818019201435,0.009338169672461923,1.3058239290007427,6.428947104216412,0.007922868136262196,0.007433092399992126,1.1242109094782338,1.0227767567267876,1.2416555477195304
231700,6.98,20,W,7410,Limoneux sableux,G,231700-O,0.22,0.35,0.43,10,NA,NA,0.17514177999999997,0.3313817688731716,0.5657097880731717,1.2198787993093176,1,91,5,0.08641260907509449,0.4706356192147005,0.009055171311438246,1.324140703086815,41.782531400139476,0.010865380134219099,0.011044058032576852,1.2143316149723742,1.0333445631316018,1.2912560167015477
232100,1.45,10,W,6010 6020,Limoneux,G,232100-O,0.231,0.571,0.198,0,NA,NA,0.14830542075999997,0.3219975903934716,0.4545400032814716,1.4454689913041003,1,92,5,0.08072629763142046,0.41000395088312863,0.004861106857451047,1.4148540341742095,12.103013353995454,0.008846138526340745,0.007795779110096346,1.1320025906421913,1.0307215347299301,1.217706045496287
232200,4.32,20,W,6010 6020,Limoneux,G,232200-O,0.231,0.571,0.198,0,NA,NA,0.16135008735999998,0.347247688566513,0.5370683101345131,1.2267689781435402,1,93,5,0.08681669600606538,0.4631829124929564,0.005328051776592686,1.4249014016217028,33.14793651400045,0.011072244039904717,0.01051354872441234,1.161235573563525,1.0320976621073108,1.2962949938080204
232300,2.33,10,W,6010 6020,Limoneux,G,232300-O,0.231,0.571,0.198,0,NA,NA,0.15230517916,0.32966021206619867,0.47976528127419865,1.3786220046233737,1,94,5,0.0827674606053044,0.4262899652531419,0.004986619263514183,1.4202890285575687,16.528222804607104,0.009382059838712216,0.008503780305767355,1.1387015476654976,1.029668289504958,1.2251424049789237
232400,2.14,10,W,6010 6020,Limoneux,G,232400-O,0.231,0.571,0.198,0,NA,NA,0.15144159495999998,0.327999825638573,0.474312957686573,1.3930706621305815,1,95,5,0.0823401537801208,0.4227707461069124,0.004958465505783025,1.419297200895114,15.456327618139078,0.009248491822768667,0.00833311360403789,1.1370318826047376,1.0297632222303634,1.2223008321967115
232500,0.5,5,W,6010 6020,Limoneux,G,232500-O,0.231,0.571,0.198,0,NA,NA,0.14398749976,0.31380443365884336,0.42738716074684335,1.517424024020865,1,96,5,0.0783416146237248,0.3924669617460455,0.004735270453465651,1.4065513438306778,8.60898727232375,0.008600492086431002,0.0073890946579572596,1.1295709317952967,1.0337890646134753,1.224496464562382
232600,0,1,W,6010 6020,Limoneux,G,232600-O,0.231,0.571,0.198,0,NA,NA,0.14171490976,0.309525187494226,0.41312913258222594,1.5552077986571011,1,97,5,0.07700782938555033,0.383256395170557,0.004670025902257603,1.401157557130774,7.1767152962937555,0.00867125626431886,0.007412352951600353,1.1326117083109555,1.036287106435159,1.2347309013129881
232700,6.98,20,W,6010 6020,Limoneux,G,232700-O,0.231,0.571,0.198,0,NA,NA,0.17344026616,0.37131858300428094,0.6142263248122809,1.0223002392474556,1,98,5,0.09111265034019785,0.5122116606015052,0.005952007267428055,1.4165831149177865,82.06399037095865,0.01364910492771825,0.013392501702729463,1.2080313607731321,1.0423761292914302,1.481323445530705
233100,1.45,10,W,7210 7220 7310 7610,"Limoneux, calliouteux",G,233100-O,0.231,0.571,0.198,10,NA,NA,0.14830542075999997,0.3219975903934716,0.4545400032814716,1.5142999832391668,1,99,5,0.08068883392562048,0.3960095243656111,0.004416568895440868,1.4129335359174733,8.32496975420487,0.008889985294259961,0.007633970003745965,1.130577781663783,1.0351989237998718,1.2197392170560342
233200,4.32,20,W,7210 7220 7310 7610,"Limoneux, calliouteux",G,233200-O,0.231,0.571,0.198,10,NA,NA,0.16135008735999998,0.347247688566513,0.5370683101345131,1.2963942025042543,1,100,5,0.08752440027713843,0.4492045410679371,0.004824168528944973,1.4319782733860345,23.339365181332564,0.010757141540738632,0.00982366142497187,1.1500536031002166,1.0315366002376367,1.2608956079810105
233300,2.33,10,W,7210 7220 7310 7610,"Limoneux, calliouteux",G,233300-O,0.231,0.571,0.198,10,NA,NA,0.15230517916,0.32966021206619867,0.47976528127419865,1.448096654499176,1,101,5,0.082978003342571785,0.41223437881115244,0.004529675856730691,1.4212998799402448,11.455861907172837,0.009202252894172359,0.008072601598004474,1.1334678930932334,1.0324222442098008,1.2194141464093213
233400,2.14,10,W,7210 7220 7310 7610,"Limoneux, calliouteux",G,233400-O,0.231,0.571,0.198,10,NA,NA,0.15144159495999998,0.327999825638573,0.474312957686573,1.4624358914401807,1,102,5,0.08249841602105709,0.4087245781515264,0.004504817867036432,1.4196818770121333,10.69672371680296,0.009105034579625798,0.007949915291257267,1.1324046866770596,1.0328795925935292,1.2185164993923452
233500,0.5,5,W,7210 7220 7310 7610,"Limoneux, calliouteux",G,233500-O,0.231,0.571,0.198,10,NA,NA,0.14398749976,0.31380443365884336,0.42738716074684335,1.5851722507762598,1,103,5,0.07801706868997181,0.3785812084356679,0.004294679251156037,1.4014370443629747,5.860000175389248,0.009066288507721846,0.0077003641644274945,1.139974703187691,1.0402571762172932,1.2389051217462645
233600,0,1,W,7210 7220 7310 7610,"Limoneux, calliouteux",G,233600-O,0.231,0.571,0.198,10,NA,NA,0.14171490976,0.309525187494226,0.41312913258222594,1.6222267100130416,1,104,5,0.07652682029006273,0.3694441379280634,0.004227156965500454,1.3943971325850677,4.853211739887122,0.009429304056828508,0.00807419216723137,1.1560888831277405,1.0438767413234984,1.2637649763844367
233700,6.98,20,W,7210 7220 7310 7610,"Limoneux, calliouteux",G,233700-O,0.231,0.571,0.198,10,NA,NA,0.17344026616,0.37131858300428094,0.6142263248122809,1.0892018864145574,1,105,5,0.09230111775136517,0.49895838223345995,0.005374057464400793,1.4292746103134009,59.632622995127406,0.013263754470598662,0.012486121768036589,1.185460228867878,1.0384091528757944,1.4167782223809913
235100,1.45,10,W,7510,Limoneux calcaire,G,235100-O,0.284,0.584,0.133,10,NA,NA,0.17721469444,0.3522572670789205,0.4714819953509205,1.4698746558874152,1.001,106,5,0.09622303243188317,0.419285212299458,0.004209710416633353,1.385272045458428,7.8587700270683944,0.011742215774754622,0.01056786561788264,1.1606946697988678,1.0361124854578008,1.2704171881056574
235200,4.32,20,W,7510,Limoneux calcaire,G,235200-O,0.284,0.584,0.133,10,NA,NA,0.18694175584,0.3703221203806112,0.5455995788126112,1.2736514876692182,1.001,107,5,0.10119724104575166,0.4677540112531159,0.004895745083238805,1.3972265082597983,22.069596748888802,0.01383847512518301,0.012471096989057164,1.1796848930667512,1.0343006593395412,1.3255751569441794
235300,2.33,10,W,7510,Limoneux calcaire,G,235300-O,0.284,0.584,0.133,10,NA,NA,0.18019720804,0.3577579929093811,0.49416962102138107,1.4101350969376005,1.001,108,5,0.0980133529081704,0.4342035046313352,0.004410907702778786,1.3911241849724703,10.863399749447593,0.012324868468195237,0.011172981472743718,1.1666758729577642,1.0343619687845407,1.284843809361826
235400,2.14,10,W,7510,Limoneux calcaire,G,235400-O,0.284,0.584,0.133,10,NA,NA,0.17955325624,0.3565674672032322,0.4892682873952322,1.4230651008785098,1.001,109,5,0.09764822428276773,0.43098773023867337,0.00436725178432604,1.3900288839328279,10.137002535867964,0.012187988163165821,0.011043369701157076,1.165299854306586,1.0346369068269112,1.2816058288783045
235500,0.5,5,W,7510,Limoneux calcaire,G,235500-O,0.284,0.584,0.133,10,NA,NA,0.17399493544000003,0.34635702885064,0.44702771752264003,1.53394828879896,1.001,110,5,0.09399055352665549,0.40309371152679885,0.003989765290276183,1.3767047235657768,5.47653696145194,0.011391356633100593,0.009973038977829324,1.1616089255918007,1.0396118993623413,1.265670363528806
235600,0,1,W,7510,Limoneux calcaire,G,235600-O,0.284,0.584,0.133,10,NA,NA,0.17230032543999999,0.3432675062113973,0.43417291088339727,1.5674983168627081,1.001,111,5,0.09269317760657687,0.3945388215986732,0.0038711842240402037,1.3712632424967928,4.5044710138403685,0.011425046674170845,0.009786628987654452,1.1717514446764854,1.0423096313187328,1.2798976838053404
235700,6.98,20,W,7510,Limoneux calcaire,G,235700-O,0.284,0.584,0.133,10,NA,NA,0.19595708104,0.3873870644509483,0.6146158337629483,1.0881472963057741,1.001,112,5,0.10391796577022193,0.5121989300322923,0.0056913233187943744,1.3917416181562938,55.06427101489562,0.015769387338045945,0.014419781382355902,1.2074735741253986,1.041181611383549,1.4450738742166453
250100,1.45,10,W,5010 5020,Argilleux,E,250100-O,0.284,0.584,0.133,0,worrdt kleefaarde,NA,0.17721469444,0.3522572670789205,0.4714819953509205,1.4005727123200606,1.001,113,5,0.0962690766409474,0.4341583352810684,0.004685245179720293,1.3877764592246327,11.805099535158954,0.011990664705151985,0.010917639228575493,1.1663308618770212,1.033094639549079,1.2857998374810253
250200,4.32,20,W,5010 5020,Argilleux,E,250200-O,0.284,0.584,0.133,0,worrdt kleefaarde,NA,0.18694175584,0.3703221203806112,0.5455995788126112,1.2041611161465802,1.001,114,5,0.10036859030698822,0.4821784096146615,0.005430218127603772,1.3920490509905386,31.960919488853758,0.014107832203888292,0.012858059511470276,1.187809972998417,1.0355323689865266,1.352913384139772
250300,2.33,10,W,5010 5020,Argilleux,E,250300-O,0.284,0.584,0.133,0,worrdt kleefaarde,NA,0.18019720804,0.3577579929093811,0.49416962102138107,1.3404505042933401,1.001,115,5,0.09774811665877381,0.4489791240645377,0.0048978792895615336,1.39105467514507,16.11593698808099,0.01264006252889783,0.011500111130923741,1.1723612659374292,1.0327765341708177,1.2986138122374045
250400,2.14,10,W,5010 5020,Argilleux,E,250400-O,0.284,0.584,0.133,0,worrdt kleefaarde,NA,0.17955325624,0.3565674672032322,0.4892682873952322,1.3534390384026347,1.001,116,5,0.0974468722467397,0.44578630151340315,0.004851108202721041,1.3905030045160545,15.076083014891651,0.012497712582556162,0.011374672834714022,1.1710891167255566,1.0327573238608312,1.2955270258615368
250500,0.5,5,W,5010 5020,Argilleux,E,250500-O,0.284,0.584,0.133,0,worrdt kleefaarde,NA,0.17399493544000003,0.34635702885064,0.44702771752264003,1.4653765485650039,1.001,117,5,0.09441624324749866,0.4180569158825034,0.004462693044363156,1.382098623242269,8.366904052111115,0.011374010567192394,0.010288140086560597,1.1596216299480309,1.0347269282950626,1.2739815601598001
250600,0,1,W,5010 5020,Argilleux,E,250600-O,0.284,0.584,0.133,0,worrdt kleefaarde,NA,0.17230032543999999,0.3432675062113973,0.43417291088339727,1.4994417861589973,1.001,118,5,0.09332391024483995,0.4095319627139259,0.004345345516511599,1.3781847176932536,6.947984948364177,0.01113521403024852,0.009973278279876565,1.1572083248305207,1.0362196183609544,1.2688531969190733
250700,6.98,20,W,5010 5020,Argilleux,E,250700-O,0.284,0.584,0.133,0,worrdt kleefaarde,NA,0.19595708104,0.3873870644509483,0.6146158337629483,1.021268040528187,1.001,119,5,0.10262071389431537,0.5256961438153853,0.006307285651033661,1.3820512202197879,76.78844921820568,0.016091097025445686,0.015173737434621222,1.2287403628908322,1.0455104607858101,1.5038214961917433
320100,1.45,10,Vl,A,Leem,A-L,320100-O,0.213,0.694,0.093,0,NA,NA,0.13869394167999996,0.33804989174245376,0.4624307687264537,1.4245584628748975,1,120,5,0.08070641896392826,0.4172401728388266,0.003425683490083734,1.528720402479306,14.198836829084462,0.010649056456404153,0.010292819251704253,1.1601655428916726,1.0482630891846245,1.3057205691663527
320200,4.32,20,Vl,A,Leem,A-L,320200-O,0.213,0.694,0.093,0,NA,NA,0.15078651448,0.3631469980601621,0.5559621640441622,1.1767002652829701,1,121,5,0.0867432190920075,0.4719178503161034,0.003869760930520043,1.5377342634230264,41.256435825567166,0.012986325921714692,0.014025785239923812,1.1823495619312174,1.0456233046214833,1.442045812760895
320300,2.33,10,Vl,A,Leem,A-L,320300-O,0.213,0.694,0.093,0,NA,NA,0.14240176888,0.34566940717681904,0.49103362016081903,1.3487609065738297,1,122,5,0.08276073603764998,0.43403154948580236,0.003544481814162509,1.5356458447331633,19.84175788578927,0.011161826254397149,0.011127599703291451,1.1622097423013584,1.0459620433503543,1.3228414783377842
320400,2.14,10,Vl,A,Leem,A-L,320400-O,0.213,0.694,0.093,0,NA,NA,0.14160121528,0.34401861256829797,0.484852332552298,1.3651413187364103,1,123,5,0.08233285455368555,0.4304097399514732,0.003517938308054687,1.5344761724695182,18.47281381537089,0.011025793583187025,0.010914228929117751,1.161296792408065,1.0463211964017032,1.3172180079841618
320500,0.5,5,Vl,A,Leem,A-L,320500-O,0.213,0.694,0.093,0,NA,NA,0.13469117367999997,0.3298994935835945,0.43162790556759445,1.5061860502458746,1,124,5,0.07827426340055602,0.3990301020599399,0.0033033123667784536,1.5168606280834958,9.759118711901058,0.010557189219652508,0.009979882919913769,1.1682057560230006,1.0529603763057491,1.3133589754910153
320600,0,1,Vl,A,Leem,A-L,320600-O,0.213,0.694,0.093,0,NA,NA,0.13258445368,0.32564117700487827,0.41544723898887825,1.5490648166794725,1,125,5,0.07689997397874802,0.38938725672279084,0.0032371589854554533,1.5087798983091518,7.944757489853315,0.01077417960612222,0.010171336776173373,1.1812550741834105,1.0566269856573807,1.332071887440466
320700,6.98,20,Vl,A,Leem,A-L,320700-O,0.213,0.694,0.093,0,NA,NA,0.16199426488,0.38704414086388467,0.6432862088478848,0.9452915465531053,1,126,5,0.09076097550375302,0.5223656961620159,0.004491583648877877,1.5164721971986608,105.63443725804161,0.015737384288718088,0.018974973044662596,1.2429865025143279,1.0541346323243905,1.739368824872959
330100,1.45,10,Vl,G,"Complex, vaak op steile hellingen, omgeven met G",G,330100-O,0.231,0.571,0.198,0,NA,NA,0.14830542075999997,0.3219975903934716,0.4545400032814716,1.4454689913041003,1,127,5,0.08072629763142046,0.41000395088312863,0.004861106857451047,1.4148540341742095,12.103013353995454,0.008846138526340745,0.007795779110096346,1.1320025906421913,1.0307215347299301,1.217706045496287
330200,4.32,20,Vl,G,"Complex, vaak op steile hellingen, omgeven met G",G,330200-O,0.231,0.571,0.198,0,NA,NA,0.16135008735999998,0.347247688566513,0.5370683101345131,1.2267689781435402,1,128,5,0.08681669600606538,0.4631829124929564,0.005328051776592686,1.4249014016217028,33.14793651400045,0.011072244039904717,0.01051354872441234,1.161235573563525,1.0320976621073108,1.2962949938080204
330300,2.33,10,Vl,G,"Complex, vaak op steile hellingen, omgeven met G",G,330300-O,0.231,0.571,0.198,0,NA,NA,0.15230517916,0.32966021206619867,0.47976528127419865,1.3786220046233737,1,129,5,0.0827674606053044,0.4262899652531419,0.004986619263514183,1.4202890285575687,16.528222804607104,0.009382059838712216,0.008503780305767355,1.1387015476654976,1.029668289504958,1.2251424049789237
330400,2.14,10,Vl,G,"Complex, vaak op steile hellingen, omgeven met G",G,330400-O,0.231,0.571,0.198,0,NA,NA,0.15144159495999998,0.327999825638573,0.474312957686573,1.3930706621305815,1,130,5,0.0823401537801208,0.4227707461069124,0.004958465505783025,1.419297200895114,15.456327618139078,0.009248491822768667,0.00833311360403789,1.1370318826047376,1.0297632222303634,1.2223008321967115
330500,0.5,5,Vl,G,"Complex, vaak op steile hellingen, omgeven met G",G,330500-O,0.231,0.571,0.198,0,NA,NA,0.14398749976,0.31380443365884336,0.42738716074684335,1.517424024020865,1,131,5,0.0783416146237248,0.3924669617460455,0.004735270453465651,1.4065513438306778,8.60898727232375,0.008600492086431002,0.0073890946579572596,1.1295709317952967,1.0337890646134753,1.224496464562382
330600,0,1,Vl,G,"Complex, vaak op steile hellingen, omgeven met G",G,330600-O,0.231,0.571,0.198,0,NA,NA,0.14171490976,0.309525187494226,0.41312913258222594,1.5552077986571011,1,132,5,0.07700782938555033,0.383256395170557,0.004670025902257603,1.401157557130774,7.1767152962937555,0.00867125626431886,0.007412352951600353,1.1326117083109555,1.036287106435159,1.2347309013129881
330700,6.98,20,Vl,G,"Complex, vaak op steile hellingen, omgeven met G",G,330700-O,0.231,0.571,0.198,0,NA,NA,0.17344026616,0.37131858300428094,0.6142263248122809,1.0223002392474556,1,133,5,0.09111265034019785,0.5122116606015052,0.005952007267428055,1.4165831149177865,82.06399037095865,0.01364910492771825,0.013392501702729463,1.2080313607731321,1.0423761292914302,1.481323445530705
333100,1.45,10,Vl,B,Stenige leem,B,333100-O,0.231,0.571,0.198,10,NA,NA,0.14830542075999997,0.3219975903934716,0.4545400032814716,1.5142999832391668,1,134,5,0.08068883392562048,0.3960095243656111,0.004416568895440868,1.4129335359174733,8.32496975420487,0.008889985294259961,0.007633970003745965,1.130577781663783,1.0351989237998718,1.2197392170560342
333200,4.32,20,Vl,B,Stenige leem,B,333200-O,0.231,0.571,0.198,10,NA,NA,0.16135008735999998,0.347247688566513,0.5370683101345131,1.2963942025042543,1,135,5,0.08752440027713843,0.4492045410679371,0.004824168528944973,1.4319782733860345,23.339365181332564,0.010757141540738632,0.00982366142497187,1.1500536031002166,1.0315366002376367,1.2608956079810105
333300,2.33,10,Vl,B,Stenige leem,B,333300-O,0.231,0.571,0.198,10,NA,NA,0.15230517916,0.32966021206619867,0.47976528127419865,1.448096654499176,1,136,5,0.082978003342571785,0.41223437881115244,0.004529675856730691,1.4212998799402448,11.455861907172837,0.009202252894172359,0.008072601598004474,1.1334678930932334,1.0324222442098008,1.2194141464093213
333400,2.14,10,Vl,B,Stenige leem,B,333400-O,0.231,0.571,0.198,10,NA,NA,0.15144159495999998,0.327999825638573,0.474312957686573,1.4624358914401807,1,137,5,0.08249841602105709,0.4087245781515264,0.004504817867036432,1.4196818770121333,10.69672371680296,0.009105034579625798,0.007949915291257267,1.1324046866770596,1.0328795925935292,1.2185164993923452
333500,0.5,5,Vl,B,Stenige leem,B,333500-O,0.231,0.571,0.198,10,NA,NA,0.14398749976,0.31380443365884336,0.42738716074684335,1.5851722507762598,1,138,5,0.07801706868997181,0.3785812084356679,0.004294679251156037,1.4014370443629747,5.860000175389248,0.009066288507721846,0.0077003641644274945,1.139974703187691,1.0402571762172932,1.2389051217462645
333600,0,1,Vl,B,Stenige leem,B,333600-O,0.231,0.571,0.198,10,NA,NA,0.14171490976,0.309525187494226,0.41312913258222594,1.6222267100130416,1,139,5,0.07652682029006273,0.3694441379280634,0.004227156965500454,1.3943971325850677,4.853211739887122,0.009429304056828508,0.00807419216723137,1.1560888831277405,1.0438767413234984,1.2637649763844367
333700,6.98,20,Vl,B,Stenige leem,B,333700-O,0.231,0.571,0.198,10,NA,NA,0.17344026616,0.37131858300428094,0.6142263248122809,1.0892018864145574,1,140,5,0.09230111775136517,0.49895838223345995,0.005374057464400793,1.4292746103134009,59.632622995127406,0.013263754470598662,0.012486121768036589,1.185460228867878,1.0384091528757944,1.4167782223809913
350100,1.45,10,Vl,E,kleiig,E,350100-O,0.55,0.3,0.15,0,NA,NA,0.32231920000000014,0.44334783100046876,0.5229540410004687,1.2641717913487578,1,141,5,0.15268251579945297,0.5219885342413945,0.014097618513993337,1.1594692516350624,15.980447276563522,0.0270784065650175,0.0174829291845133,1.388978542094032,1.0453984018564637,1.5907129129570827
350200,4.32,20,Vl,E,kleiig,E,350200-O,0.55,0.3,0.15,0,NA,NA,0.3210104800000001,0.42941472229642796,0.5299151062964279,1.245724968314466,1,142,5,0.15750133841609046,0.5227365426073428,0.01739064021125294,1.1673720760489479,20.864505906892084,0.02652748455127355,0.016765599749926027,1.4080388168986122,1.0477208822612807,1.5917937053109503
350300,2.33,10,Vl,E,kleiig,E,350300-O,0.55,0.3,0.15,0,NA,NA,0.3219179200000001,0.43905610561029673,0.5250688916102968,1.2585674372327134,1,143,5,0.1539404618679301,0.5222576278273467,0.015086412839312438,1.1612162781502071,17.36673644759986,0.026845145917888665,0.017216252302068955,1.3937950214977959,1.0459306052630841,1.5903461397110479
350400,2.14,10,Vl,E,kleiig,E,350400-O,0.55,0.3,0.15,0,NA,NA,0.32200456000000005,0.439981264365907,0.524610812365907,1.2597813472303463,1,144,5,0.15365310970154217,0.5222023677487646,0.014870955042329196,1.160791294719496,17.059410744237304,0.026890687265572272,0.017270370810734636,1.3926533072801524,1.0458017751639697,1.5903618803403525
350500,0.5,5,Vl,E,kleiig,E,350500-O,0.55,0.3,0.15,0,NA,NA,0.32275240000000005,0.448000354524675,0.520690374524675,1.270170507509611,1,145,5,0.15152680298580185,0.5216617490492308,0.0130597469951318,1.1581938675927255,14.58695764304314,0.027395243863190234,0.017816707963935623,1.3853842397992004,1.0450156754261524,1.5921409304007086
350600,0,1,Vl,E,kleiig,E,350600-O,0.55,0.3,0.15,0,NA,NA,0.3229804,0.45045714596430003,0.5195070659643001,1.2733062751946047,1,146,5,0.15099911098395336,0.5214754327982896,0.012527705325766395,1.1577651235043982,13.894634532638541,0.02759009140159819,0.018011661267701186,1.384319116348239,1.0448993282687926,1.5934781588038842
350700,6.98,20,Vl,E,kleiig,E,350700-O,0.55,0.3,0.15,0,NA,NA,0.31979752,0.41666534879148304,0.536531064791483,1.2281926783025698,1,147,5,0.16398899954740473,0.5230665826522322,0.020508818311364443,1.181249084288593,26.401540809574012,0.026589487465393004,0.016518800540418894,1.4290719816357118,1.051366212672744,1.5980293158542944
410100,1.45,10,D,S,Sand,1,410100-O,0.08,0.35,0.57,0,NA,NA,0.060604042,0.1729450230368609,0.4241118446368609,1.5261036117123186,0.9999999999999999,148,5,0.03976781389800263,0.35302136456003214,0.01618963026022345,1.3737467112246537,36.69744543000314,0.00860202632152246,0.009315908599464896,1.1634224624602008,1.0266967787500072,1.2127827399040352
410200,4.32,20,D,S,Sand,1,410200-O,0.08,0.35,0.57,0,NA,NA,0.0861568,0.2155130765318789,0.5116610637318789,1.2940981811105208,0.9999999999999999,149,5,0.04676582973783008,0.41179527846404396,0.015169274155177274,1.3586736426553496,74.16264603583781,0.008635320554680513,0.009600459611439119,1.2179301541390037,1.0335046620307085,1.3038273069175812
410300,2.33,10,D,S,Sand,1,410300-O,0.08,0.35,0.57,0,NA,NA,0.06843903400000001,0.18565953894626702,0.450618494946267,1.4558609883923923,0.9999999999999999,150,5,0.04186668052260882,0.37032347233951085,0.015814223427506633,1.3697776347580168,44.74994428107228,0.00845020631603952,0.008683259685503595,1.1712409549680023,1.026996502564428,1.221856268578979
410400,2.14,10,D,S,Sand,1,410400-O,0.08,0.35,0.57,0,NA,NA,0.066747388,0.1828890774411981,0.44487018624119806,1.4710940064608249,0.9999999999999999,151,5,0.041409224271752365,0.36652999099864686,0.01589043622017584,1.3706868473369698,42.81460282270649,0.008473418316396699,0.008753105870137586,1.1685561471007684,1.0267586233163104,1.2180207861893178
410500,0.5,5,D,S,Sand,1,410500-O,0.08,0.35,0.57,0,NA,NA,0.052145812,0.15955438560553153,0.39583197120553154,1.6010452763053413,0.9999999999999999,152,5,0.037569617549308564,0.33513883080949664,0.01665919617755069,1.3773272920004325,30.176706396193563,0.008874646619824804,0.010882761681031998,1.1721292631497076,1.0289643792770489,1.2341070274897064
410600,0,1,D,S,Sand,1,410600-O,0.08,0.35,0.57,0,NA,NA,0.047694112000000004,0.1526464940661355,0.3810876396661355,1.6401177548847408,0.9999999999999999,153,5,0.0364470325816649,0.3260731083750678,0.016932744758112357,1.3789164757470798,27.43589927557086,0.00905420749039489,0.012032376561415183,1.1856654322350626,1.031311410566956,1.261093890514812
410700,6.98,20,D,S,Sand,1,410700-O,0.08,0.35,0.57,0,NA,NA,0.10983984399999999,0.257803100649648,0.5956409486496481,1.0715514860784325,0.9999999999999999,154,5,0.05363778377937465,0.4710024558611652,0.01467217341837344,1.3406153120247248,158.23314919354232,0.010564333136602242,0.013162548100018519,1.3026454022767866,1.0488842235874316,1.4772064083158976
412100,1.45,10,D,lS,Lemigher sand,2,412100-O,0.08,0.35,0.57,0,NA,NA,0.060604042,0.1729450230368609,0.4241118446368609,1.5261036117123186,0.9999999999999999,155,5,0.03976781389800263,0.35302136456003214,0.01618963026022345,1.3737467112246537,36.69744543000314,0.00860202632152246,0.009315908599464896,1.1634224624602008,1.0266967787500072,1.2127827399040352
412200,4.32,20,D,lS,Lemigher sand,2,412200-O,0.08,0.35,0.57,0,NA,NA,0.0861568,0.2155130765318789,0.5116610637318789,1.2940981811105208,0.9999999999999999,156,5,0.04676582973783008,0.41179527846404396,0.015169274155177274,1.3586736426553496,74.16264603583781,0.008635320554680513,0.009600459611439119,1.2179301541390037,1.0335046620307085,1.3038273069175812
412300,2.33,10,D,lS,Lemigher sand,2,412300-O,0.08,0.35,0.57,0,NA,NA,0.06843903400000001,0.18565953894626702,0.450618494946267,1.4558609883923923,0.9999999999999999,157,5,0.04186668052260882,0.37032347233951085,0.015814223427506633,1.3697776347580168,44.74994428107228,0.00845020631603952,0.008683259685503595,1.1712409549680023,1.026996502564428,1.221856268578979
412400,2.14,10,D,lS,Lemigher sand,2,412400-O,0.08,0.35,0.57,0,NA,NA,0.066747388,0.1828890774411981,0.44487018624119806,1.4710940064608249,0.9999999999999999,158,5,0.041409224271752365,0.36652999099864686,0.01589043622017584,1.3706868473369698,42.81460282270649,0.008473418316396699,0.008753105870137586,1.1685561471007684,1.0267586233163104,1.2180207861893178
412500,0.5,5,D,lS,Lemigher sand,2,412500-O,0.08,0.35,0.57,0,NA,NA,0.052145812,0.15955438560553153,0.39583197120553154,1.6010452763053413,0.9999999999999999,159,5,0.037569617549308564,0.33513883080949664,0.01665919617755069,1.3773272920004325,30.176706396193563,0.008874646619824804,0.010882761681031998,1.1721292631497076,1.0289643792770489,1.2341070274897064
412600,0,1,D,lS,Lemigher sand,2,412600-O,0.08,0.35,0.57,0,NA,NA,0.047694112000000004,0.1526464940661355,0.3810876396661355,1.6401177548847408,0.9999999999999999,160,5,0.0364470325816649,0.3260731083750678,0.016932744758112357,1.3789164757470798,27.43589927557086,0.00905420749039489,0.012032376561415183,1.1856654322350626,1.031311410566956,1.261093890514812
412700,6.98,20,D,lS,Lemigher sand,2,412700-O,0.08,0.35,0.57,0,NA,NA,0.10983984399999999,0.257803100649648,0.5956409486496481,1.0715514860784325,0.9999999999999999,161,5,0.05363778377937465,0.4710024558611652,0.01467217341837344,1.3406153120247248,158.23314919354232,0.010564333136602242,0.013162548100018519,1.3026454022767866,1.0488842235874316,1.4772064083158976
420100,1.45,10,D,sL,sandiger Lehm,4,420100-O,0.22,0.35,0.43,0,NA,NA,0.141792562,0.2714420261490707,0.43049833974907065,1.5091793996649625,1,162,5,0.07204913573348919,0.3874168106553973,0.009955210646116082,1.3193542088434655,13.371321823421175,0.007614785621503496,0.007544995930036344,1.138459975538747,1.0176272583090142,1.243507942094518
420200,4.32,20,D,sL,sandiger Lehm,4,420200-O,0.22,0.35,0.43,0,NA,NA,0.159100384,0.301978282419948,0.5000996584199481,1.3247359051871375,1,163,5,0.07965167755208664,0.4380691365341867,0.009841810123710628,1.3233294546097163,28.520181908380298,0.009023607430409163,0.00975838051387849,1.1877494530876584,1.0268221019637889,1.256260082051684
420300,2.33,10,D,sL,sandiger Lehm,4,420300-O,0.22,0.35,0.43,0,NA,NA,0.14709949,0.28067391522049723,0.4517083664204972,1.4529728289856823,1,164,5,0.07448530497114633,0.40273230311236896,0.009894882691575532,1.3213757453713533,16.745109215021053,0.007891995956902874,0.00817876557827655,1.15222417153331,1.0195763837824203,1.2443337298055606
420400,2.14,10,D,sL,sandiger Lehm,4,420400-O,0.22,0.35,0.43,0,NA,NA,0.14595367600000003,0.27867084860111146,0.4471191110011115,1.4651343558470546,1,165,5,0.07396643043633273,0.3994066067786334,0.009906110334486132,1.3209991262557987,15.942146720863795,0.007818550117747373,0.00803152120522108,1.1490720099311809,1.0190522140600216,1.2440619182585557
420500,0.5,5,D,sL,sandiger Lehm,4,420500-O,0.22,0.35,0.43,0,NA,NA,0.136063492,0.26160597539528113,0.40773134499528113,1.5695119357625051,1,166,5,0.06933426124396068,0.3711580282778397,0.010042047585285312,1.3163932269888259,10.565219730995803,0.007518468047947076,0.007118394472743723,1.1275113557052996,1.0173727462869715,1.2430321717424617
420600,0,1,D,sL,sandiger Lehm,4,420600-O,0.22,0.35,0.43,0,NA,NA,0.133048192,0.25648340052017715,0.39580301012017716,1.6011220231815304,1,167,5,0.06787594130628684,0.3627278569639942,0.010095102935357512,1.3145220127140576,9.360433012491393,0.007564025723633767,0.007081850365660114,1.1246017463246514,1.0182128018556302,1.2428251986628
420700,6.98,20,D,sL,sandiger Lehm,4,420700-O,0.22,0.35,0.43,0,NA,NA,0.17514177999999997,0.3313817688731716,0.5657097880731717,1.1508690616060948,1,168,5,0.08574305181191279,0.48604658678662005,0.009956994351670665,1.320653829617443,60.38051147505041,0.011407675155676618,0.011728474357200987,1.2381576371592022,1.0384122071734216,1.3279643366423708
424100,1.45,10,D,uL,Schluffiger Lehm,4,424100-O,0.15,0.65,0.2,0,NA,NA,0.10381825,0.29306917687126866,0.4419607268712686,1.478804073791138,1,169,5,0.06204777245719327,0.3876133027018351,0.0042330126447684266,1.5196416099771928,15.852395529389076,0.008908615366532818,0.007835784905562677,1.1493064936195243,1.0444038537408533,1.3248964647491128
424200,4.32,20,D,uL,Schluffiger Lehm,4,424200-O,0.15,0.65,0.2,0,NA,NA,0.12034083999999999,0.326625304574092,0.5428946965740921,1.211329054078656,1,170,5,0.06943947094619914,0.4466688597277636,0.004429373290712318,1.5366791528697985,44.422992968808316,0.009776180516368737,0.01056340503046989,1.1629132328161262,1.0390411957672672,1.3970841674341654
424300,2.33,10,D,uL,Schluffiger Lehm,4,424300-O,0.15,0.65,0.2,0,NA,NA,0.10888440999999999,0.3032089263805207,0.4727598843805207,1.39718630639162,1,171,5,0.06436988052222754,0.40551581556469135,0.004268510934644758,1.5288368202049667,21.776404544420878,0.008710056452362018,0.007768905637899431,1.1405800082568607,1.0402875651161945,1.3036538288745974
424400,2.14,10,D,uL,Schluffiger Lehm,4,424400-O,0.15,0.65,0.2,0,NA,NA,0.10779058,0.3010084899310829,0.4660988939310829,1.4148379310826305,1,172,5,0.06387169296972506,0.40163482682501284,0.004259286383465853,1.5271486950216606,20.337959947563967,0.008712339727192727,0.007682702822926693,1.1410362693311773,1.0409462816732833,1.3043872688037426
424500,0.5,5,D,uL,Schluffiger Lehm,4,424500-O,0.15,0.65,0.2,0,NA,NA,0.0983491,0.28227101146567496,0.408859791465675,1.566521552615961,1,173,5,0.059505891878652885,0.36847873484408483,0.004209968868908133,1.5058686472141445,11.191454006666564,0.009654034622399357,0.009348128083159395,1.1821171409444164,1.052149928108824,1.3970223067606913
424600,0,1,D,uL,Schluffiger Lehm,4,424600-O,0.15,0.65,0.2,0,NA,NA,0.09547059999999999,0.27664955106429995,0.3915000310642999,1.612524917679605,1,174,5,0.05815820781196244,0.3584765455953709,0.004199964861190682,1.4971061093650846,9.277690253810503,0.010246421426955282,0.010690346237580587,1.211584109477148,1.057661510523416,1.4531288138580134
424700,6.98,20,D,uL,Schluffiger Lehm,4,424700-O,0.15,0.65,0.2,0,NA,NA,0.13565446,0.358979676008547,0.6376968240085471,0.9601034163773502,1,175,5,0.07562489034508893,0.5026721851825913,0.004856060518972453,1.521919330927149,113.84657562116242,0.012855445611377745,0.015792444693044354,1.2263109181061171,1.0481497278087109,1.6793696101858986
425100,1.45,10,D,tL,Toniger lehm,5,425100-O,0.195,0.731,0.074,0,NA,NA,0.1290333286,0.3371108563529103,0.4607955566329103,1.4288917749227876,1,176,5,0.07761197585707741,0.4143022633147628,0.003093846693007899,1.581623129854359,15.029376182309372,0.011118789419966807,0.011136538333643538,1.1762714024835619,1.0566392887072646,1.341008953326879
425200,4.32,20,D,tL,Toniger lehm,5,425200-O,0.195,0.731,0.074,0,NA,NA,0.14158068159999998,0.3638111897988453,0.5598179040388453,1.1664825542970598,1,177,5,0.08405692181117062,0.4702463993490236,0.003480828136168883,1.5919311452495133,44.178924879833595,0.013238873652582304,0.015167853989792519,1.1948623173827837,1.0523563446040443,1.5006478312054483
425300,2.33,10,D,tL,Toniger lehm,5,425300-O,0.195,0.731,0.074,0,NA,NA,0.1328806006,0.3452119356570078,0.4910720269770078,1.3486591285109293,1,178,5,0.07977803386996458,0.43146902783450264,0.0031953344802211083,1.589860644724709,21.098263675762887,0.011469815064221654,0.0118707400094474,1.1747207149197474,1.0536604562461211,1.357019886306077
425400,2.14,10,D,tL,Toniger lehm,5,425400-O,0.195,0.731,0.074,0,NA,NA,0.1320499396,0.34345641705654745,0.4845286398565474,1.3659991043801494,1,179,5,0.07932475707414692,0.4277657677115829,0.003172561962698195,1.58847882368299,19.625820324195075,0.01136056676875928,0.011660048419271464,1.1743069764091063,1.0541423729750277,1.3508125727864042
425500,0.5,5,D,tL,Toniger lehm,5,425500-O,0.195,0.731,0.074,0,NA,NA,0.1248800236,0.32845053342290004,0.42819589110289996,1.5152808885773148,1,180,5,0.07507864199380074,0.3956849381537474,0.0029893862034229253,1.567408163412357,10.25287204466358,0.011297679820075474,0.011222539422509479,1.19323156081879,1.0625065805117668,1.3620200806236396
425600,0,1,D,tL,Toniger lehm,5,425600-O,0.195,0.731,0.074,0,NA,NA,0.12269407359999998,0.3239279828425317,0.4110736865225317,1.560654730715291,1,181,5,0.07366059450249697,0.3858222351987339,0.0029321357313589697,1.5577159529779123,8.30083853020027,0.011678325079392001,0.011747930999643406,1.214026078298956,1.0670565165392705,1.3950369484305634
425700,6.98,20,D,tL,Toniger lehm,5,425700-O,0.195,0.731,0.074,0,NA,NA,0.15320993559999999,0.3892783997539035,0.6523152732739035,0.9213645258241557,1,182,5,0.08850326876068661,0.5221104232217558,0.004051569083333118,1.5654187079054176,114.01602704552886,0.01619011413730988,0.02115296238704834,1.2629070735370662,1.0600953360576724,1.8612969759844311
440100,1.45,10,D,IU,Lemigher Schluff,3,440100-O,0.12,0.65,0.23,0,NA,NA,0.08704862199999999,0.2749860931846369,0.43587667478463693,1.494926811820712,1,183,5,0.05489379524193102,0.37712699145360695,0.004526127595648119,1.5288009058674041,17.716097474056227,0.009402706332700732,0.009035921115599827,1.1737430256990358,1.0476850142283776,1.3914093386715731
440200,4.32,20,D,IU,Lemigher Schluff,3,440200-O,0.12,0.65,0.23,0,NA,NA,0.105337984,0.3118369765026999,0.5413731365026999,1.2153611882678452,1,184,5,0.0623699056422225,0.4377651189794849,0.004617568221848943,1.5470619475448801,48.92590121902274,0.009607809362333112,0.010583120621560603,1.1734068731121994,1.0399064017928232,1.4301807432253018
440300,2.33,10,D,IU,Lemigher Schluff,3,440300-O,0.12,0.65,0.23,0,NA,NA,0.09265651000000001,0.28609762282717066,0.46803632602717066,1.4097037360279976,1,185,5,0.05717821287779966,0.3954045510806591,0.00452479779421228,1.5384220700444078,24.17825458811373,0.008997387243833305,0.008307350192489174,1.1563238447685598,1.042382818274282,1.349232964033267
440400,2.14,10,D,IU,Lemigher Schluff,3,440400-O,0.12,0.65,0.23,0,NA,NA,0.091445716,0.2836844910941203,0.46107871349412033,1.428141409240581,1,186,5,0.05668315360948285,0.3914342663764807,0.004523150856068308,1.5366392323195124,22.609213854997122,0.009048584451612081,0.008344950485364058,1.1582186909119556,1.0432589265657797,1.3534159847297695
440500,0.5,5,D,IU,Lemigher Schluff,3,440500-O,0.12,0.65,0.23,0,NA,NA,0.080994652,0.2631770265678643,0.4013452041678643,1.5864352089551597,1,187,5,0.052460674156731314,0.35770426015964957,0.004548232932590032,1.5146572701789667,12.626467947384787,0.010282264967285553,0.011334017243776183,1.2213239282561004,1.0571429641414725,1.50087299610209
440600,0,1,D,IU,Lemigher Schluff,3,440600-O,0.12,0.65,0.23,0,NA,NA,0.077808352,0.25703943479594027,0.3832484523959403,1.6343916011507582,1,188,5,0.0511991324423255,0.3476032115522662,0.004564391456723348,1.5057733618881626,10.53233064975081,0.010897919654086556,0.013049246542374913,1.2602069872078436,1.0636715608429552,1.5823740143482425
440700,6.98,20,D,IU,Lemigher Schluff,3,440700-O,0.12,0.65,0.23,0,NA,NA,0.1222891,0.347568069311086,0.640726960511086,0.952073554645622,1,189,5,0.06909239103606624,0.49614320197947814,0.004980650401964849,1.5320689650098995,125.46009643765805,0.01258077874519077,0.016112570987117346,1.2390042013605223,1.0489519538348882,1.7220582651634582
450100,1.45,10,D,T,Ton,5,450100-O,0.284,0.584,0.133,0,NA,NA,0.17721469444,0.3522572670789205,0.4714819953509205,1.4005727123200606,1.001,190,5,0.0962690766409474,0.4341583352810684,0.004685245179720293,1.3877764592246327,11.805099535158954,0.011990664705151985,0.010917639228575493,1.1663308618770212,1.033094639549079,1.2857998374810253
450200,4.32,20,D,T,Ton,5,450200-O,0.284,0.584,0.133,0,NA,NA,0.18694175584,0.3703221203806112,0.5455995788126112,1.2041611161465802,1.001,191,5,0.10036859030698822,0.4821784096146615,0.005430218127603772,1.3920490509905386,31.960919488853758,0.014107832203888292,0.012858059511470276,1.187809972998417,1.0355323689865266,1.352913384139772
450300,2.33,10,D,T,Ton,5,450300-O,0.284,0.584,0.133,0,NA,NA,0.18019720804,0.3577579929093811,0.49416962102138107,1.3404505042933401,1.001,192,5,0.09774811665877381,0.4489791240645377,0.0048978792895615336,1.39105467514507,16.11593698808099,0.01264006252889783,0.011500111130923741,1.1723612659374292,1.0327765341708177,1.2986138122374045
450400,2.14,10,D,T,Ton,5,450400-O,0.284,0.584,0.133,0,NA,NA,0.17955325624,0.3565674672032322,0.4892682873952322,1.3534390384026347,1.001,193,5,0.0974468722467397,0.44578630151340315,0.004851108202721041,1.3905030045160545,15.076083014891651,0.012497712582556162,0.011374672834714022,1.1710891167255566,1.0327573238608312,1.2955270258615368
450500,0.5,5,D,T,Ton,5,450500-O,0.284,0.584,0.133,0,NA,NA,0.17399493544000003,0.34635702885064,0.44702771752264003,1.4653765485650039,1.001,194,5,0.09441624324749866,0.4180569158825034,0.004462693044363156,1.382098623242269,8.366904052111115,0.011374010567192394,0.010288140086560597,1.1596216299480309,1.0347269282950626,1.2739815601598001
450600,0,1,D,T,Ton,5,450600-O,0.284,0.584,0.133,0,NA,NA,0.17230032543999999,0.3432675062113973,0.43417291088339727,1.4994417861589973,1.001,195,5,0.09332391024483995,0.4095319627139259,0.004345345516511599,1.3781847176932536,6.947984948364177,0.01113521403024852,0.009973278279876565,1.1572083248305207,1.0362196183609544,1.2688531969190733
450700,6.98,20,D,T,Ton,5,450700-O,0.284,0.584,0.133,0,NA,NA,0.19595708104,0.3873870644509483,0.6146158337629483,1.021268040528187,1.001,196,5,0.10262071389431537,0.5256961438153853,0.006307285651033661,1.3820512202197879,76.78844921820568,0.016091097025445686,0.015173737434621222,1.2287403628908322,1.0455104607858101,1.5038214961917433
100,0.5,100,NA,bebouwde kom,NA,S,100,0.08,0.35,0.57,0,bebopuwde kom (zandig),X,0.052145812,0.15955438560553153,0.39583197120553154,1.6010452763053413,0.9999999999999999,197,5,0.037569617549308564,0.33513883080949664,0.01665919617755069,1.3773272920004325,30.176706396193563,0.008874646619824804,0.010882761681031998,1.1721292631497076,1.0289643792770489,1.2341070274897064
120000,1.5,30,NA,KK en  varianten,"Kleefaarde, verweerde kalksteen",K,120000-A,0.284,0.584,0.133,0,NA,NL,0.17738415544000002,0.35256890013317554,0.47277015680517553,1.397159084466285,1.001,198,5,0.09635898749282622,0.4350027214924157,0.004697091744590758,1.3880128312970772,12.01781400092747,0.012026473538551756,0.010950875114796622,1.1666860598534523,1.0330477297142069,1.2864535010947247
120000,1,40,NA,KK en  varianten,"Kleefaarde, verweerde kalksteen",K,120000-B,0.284,0.584,0.133,5,NA,NL,0.17568954543999998,0.3494574934912328,0.4598934661632328,1.4649687934801612,1.001,199,5,0.09537305486983357,0.41930330326485526,0.004347509646501645,1.3838962056333395,8.233525016509441,0.011569283228206502,0.010445442516808371,1.1602633817951051,1.035274881120708,1.2726248821735373
120000,0.5,120,NA,KK en  varianten,"Kleefaarde, verweerde kalksteen",K,120000-C,0.284,0.584,0.133,10,NA,NL,0.17399493544000003,0.34635702885064,0.44702771752264003,1.53394828879896,1.001,200,5,0.09399055352665549,0.40309371152679885,0.003989765290276183,1.3767047235657768,5.47653696145194,0.011391356633100593,0.009973038977829324,1.1616089255918007,1.0396118993623413,1.265670363528806
140000,1.5,30,NA,"AHl,Ahc",Loess,Ahlc,140000-A,0.088,0.777,0.135,0,NA,NL,0.0708811876,0.2907806591673532,0.43843129004735315,1.4881570813745142,1,201,5,0.05386078796822728,0.38100555304396105,0.003110604680613097,1.699471071419552,20.983895874771747,0.01263148798441126,0.015333463275320865,1.288975541001242,1.0839148133094214,1.6673249250788147
140000,0.5,350,NA,"AHl,Ahc",Loess,Ahlc,140000-C,0.088,0.777,0.135,0,NA,NL,0.06457584759999999,0.27768339830531175,0.39720464518531173,1.5974076902589238,1,202,5,0.05130686438533308,0.3601542300453733,0.0031165542058446253,1.6766619357831418,14.386422804306422,0.013690845550066309,0.018825174970310554,1.377209700196882,1.0996483465943743,1.8875095129817816
141000,1.5,30,NA,BLd6,"Brikgrond met diepere Bt, 60 cm",BLd,141000-A,0.088,0.792,0.12,0,NA,NL,0.0710610112,0.2950404057691671,0.4392476563291671,1.485993710727707,1,203,5,0.05465934714059039,0.3826730171528872,0.0029539257993184053,1.7222422662109227,20.994659213133396,0.013061359904905008,0.016169458866085017,1.3013870920163313,1.0887094787756977,1.6908849151238545
141000,1,60,NA,BLd6,"Brikgrond met diepere Bt, 60 cm",BLd,141000-E,0.07,0.792,0.138,0,NA,NL,0.057764963200000005,0.2776208664138933,0.41410679057389327,1.5526170049791825,1,204,5,0.04964887054486984,0.3662581136405394,0.003090910880603615,1.7158144419275994,18.792119746679386,0.01379872698891506,0.019281231466792358,1.3784382806105147,1.1020221684835434,1.9155140200442706
141000,0.5,100,NA,BLd6,"Brikgrond met diepere Bt, 60 cm",BLd,141000-Bt,0.11,0.792,0.098,0,NA,NL,0.0774483856,0.295328350067809,0.40394429134780896,1.5795476279283063,1,205,5,0.056858603690943935,0.3694794653102723,0.0028001904447139303,1.690967635587783,13.108372554344925,0.013813111394877968,0.017795323052013232,1.3434684585913237,1.0973679880181513,1.7587650587351165
141000,0.5,350,NA,BLd6,"Brikgrond met diepere Bt, 60 cm",BLd,141000-C,0.088,0.792,0.12,0,NA,NL,0.0648411712,0.28199428334943466,0.3976304299094347,1.596279360739998,1,206,5,0.05207920187387487,0.36180333570846934,0.0029537363436657874,1.698414149328563,14.334814573740404,0.014140952025862508,0.019700031408872127,1.392285821356314,1.1048993780275487,1.918501809321848
142000,1.5,30,NA,"BLh6, BLn6, BLb6","Brikgronden, met ondiepe Bt 30 cm",BL,142000-A,0.073,0.792,0.134,0,NA,NL,0.06274311064000002,0.28655784220811137,0.43605882664011136,1.494444109403705,0.9990000000000001,207,5,0.05151845358695528,0.37787256905591327,0.003050713695000645,1.727473756536468,22.345909493967106,0.013316462952392602,0.017278760806069826,1.3306052000283783,1.0941376101433837,1.779634270671045
142000,0.5,50,NA,"BLh6, BLn6, BLb6","Brikgronden, met ondiepe Bt 30 cm",BL,142000-Bt,0.11,0.792,0.098,0,NA,NL,0.0774483856,0.295328350067809,0.40394429134780896,1.5795476279283063,1,208,5,0.056858603690943935,0.3694794653102723,0.0028001904447139303,1.690967635587783,13.108372554344925,0.013813111394877968,0.017795323052013232,1.3434684585913237,1.0973679880181513,1.7587650587351165
142000,0.5,350,NA,"BLh6, BLn6, BLb6","Brikgronden, met ondiepe Bt 30 cm",BL,142000-C,0.073,0.792,0.134,0,NA,NL,0.05622117064000001,0.27298797653301554,0.39366754896501555,1.6067809952427088,0.9990000000000001,209,5,0.049041399884931246,0.35696023383484715,0.0030676265697198585,1.7035228056204188,15.365338124184152,0.01438400454620151,0.021175517462562594,1.4327491448179002,1.1116018606509983,2.0483366227274136
143000,1.5,30,NA,"AHa,AHk,AHs","Loess op glauconiet,kalksteen, vuursteen,",AH,143000-A,0.088,0.777,0.135,0,NA,NL,0.0708811876,0.2907806591673532,0.43843129004735315,1.4881570813745142,1,210,5,0.05386078796822728,0.38100555304396105,0.003110604680613097,1.699471071419552,20.983895874771747,0.01263148798441126,0.015333463275320865,1.288975541001242,1.0839148133094214,1.6673249250788147
143000,0.5,40,NA,"AHa,AHk,AHs","Loess op glauconiet,kalksteen, vuursteen,",AH,143000-B,0.088,0.777,0.135,5,NA,NL,0.06457584759999999,0.27768339830531175,0.39720464518531173,1.629775408400191,1,211,5,0.05141326719408271,0.35521303736350024,0.0030111931832840374,1.6764190139291486,12.46846649620727,0.014192880153968131,0.0202049972659626,1.4122984358784152,1.1065794186218147,1.9660501895988043
143000,0.5,200,NA,"AHa,AHk,AHs","Loess op glauconiet,kalksteen, vuursteen,",AH,143000-C,0.284,0.584,0.133,10,idem 120000-C,NL,0.17399493544000003,0.34635702885064,0.44702771752264003,1.53394828879896,1.001,212,5,0.09399055352665549,0.40309371152679885,0.003989765290276183,1.3767047235657768,5.47653696145194,0.011391356633100593,0.009973038977829324,1.1616089255918007,1.0396118993623413,1.265670363528806
144000,1.5,30,NA,Ldh6 e.a. LD varianten,"Colluvium, ooivaaggrond, A-C profiel",L,144000-A,0.088,0.777,0.135,1,NA,NL,0.0708811876,0.2907806591673532,0.43843129004735315,1.4947103592851996,1,213,5,0.05389307417618012,0.3800088406949747,0.0030893072313512774,1.700141338877715,20.43473925570587,0.012695519522767955,0.015499813531697139,1.2925074270075596,1.0849048747016068,1.675206886744087
144000,0.5,200,NA,Ldh6 e.a. LD varianten,"Colluvium, ooivaaggrond, A-C profiel",L,144000-C,0.088,0.777,0.135,2,NA,NL,0.06457584759999999,0.27768339830531175,0.39720464518531173,1.6101992627960549,1,214,5,0.05135126627287091,0.3582046170983685,0.0030748549229264346,1.6766909163503851,13.60427359830374,0.013882202620609976,0.01935437205253639,1.3903408096734513,1.1023135079837274,1.9165993384753786
145000,1.5,30,NA,"FG varianten, Abl",Zavel in ondergrond,FG,145000-A,0.088,0.777,0.135,0,NA,NL,0.0708811876,0.2907806591673532,0.43843129004735315,1.4881570813745142,1,215,5,0.05386078796822728,0.38100555304396105,0.003110604680613097,1.699471071419552,20.983895874771747,0.01263148798441126,0.015333463275320865,1.288975541001242,1.0839148133094214,1.6673249250788147
145000,0.5,120,NA,"FG varianten, Abl",idem 150000-C,FG,145000-C,0.129,0.737,0.134,0,NA,NL,0.08747800072000002,0.2917601880050469,0.40714838674104686,1.5710567751362259,1,216,5,0.058397875116698264,0.3702071160137118,0.0032495247486206886,1.6097927355572363,12.244392643790567,0.011901357752786541,0.013438114689007028,1.261938399747422,1.0755802910948231,1.572644511899032
150000,1.5,30,NA,4004/4019 (M),Lichte Zavel homogene ondergrond,M,150000-A,0.129,0.737,0.134,0,NA,NL,0.09317002072,0.3035167410830355,0.44525271981903547,1.470080292479556,1,217,5,0.061099936518512574,0.3907492236220102,0.0032792135334632115,1.6291633721720327,17.981086613119295,0.010969198598417763,0.01118683716516792,1.207457362006691,1.0644422414676462,1.4542498766642191
150000,0.5,300,NA,4004/4019 (M),Lichte Zavel homogene ondergrond,M,150000-C,0.129,0.737,0.134,0,NA,NL,0.08747800072000002,0.2917601880050469,0.40714838674104686,1.5710567751362259,1,218,5,0.058397875116698264,0.3702071160137118,0.0032495247486206886,1.6097927355572363,12.244392643790567,0.011901357752786541,0.013438114689007028,1.261938399747422,1.0755802910948231,1.572644511899032
151000,1.5,30,NA,"4016/4020/4013 (Rd,Rn)","Zavel en lichte klei, homogene ondergrond",Rd,151000-A,0.195,0.731,0.074,0,NA,NL,0.12925192359999998,0.33756911207254103,0.46251377775254104,1.4243384889557664,1,219,5,0.0777396396680243,0.4152790146209416,0.0030993940908054874,1.5822176275815443,15.326706619457196,0.011127034948237047,0.011160070578674162,1.1759098921650133,1.056414476946834,1.3410377110825824
151000,0.5,120,NA,"4016/4020/4013 (Rd,Rn)","Zavel en lichte klei, homogene ondergrond",Rd,151000-C,0.195,0.731,0.074,0,NA,NL,0.1248800236,0.32845053342290004,0.42819589110289996,1.5152808885773148,1,220,5,0.07507864199380074,0.3956849381537474,0.0029893862034229253,1.567408163412357,10.25287204466358,0.011297679820075474,0.011222539422509479,1.19323156081879,1.0625065805117668,1.3620200806236396
210000,1.5,30,NA,2010 2020,Sableux/Sable limoneux,S,210000-A,0.03,0.22,0.75,0,NA,W,0.029225199999999996,0.10656130665607502,0.43756824665607513,1.490444146361401,1,221,5,0.03223718359083622,0.3574546984486056,0.02948359987941207,1.4617043039505238,134.2338070121602,0.009053384828960787,0.010122316566822909,1.2112446417548683,1.051725912048538,1.2630400910628747
210000,0.5,160,NA,2010 2020,Sableux/Sable limoneux,S,210000-C,0.03,0.22,0.75,0,NA,W,0.018554799999999996,0.09203309702767501,0.41045919702767514,1.5622831278766607,1,222,5,0.030009437570458066,0.34005478546312057,0.030162991063522007,1.4794398583220694,120.46800530416881,0.008916403239709998,0.011460685607005923,1.2137095520697856,1.054465042245146,1.2947844673534485
220000,1.5,30,NA,4010 4020 4030,Limoneux,A,220000-A,0.213,0.694,0.093,0,NA,W,0.13890461367999998,0.33848102328472746,0.46405413526872746,1.420256541537872,1,223,5,0.08082815854121507,0.4181956599232811,0.0034322010016480872,1.5292177648896752,14.475293699635808,0.010669033630676634,0.010328517099174515,1.1601074262198146,1.0480853869451188,1.3060857391751937
220000,0.5,150,NA,4010 4020 4030,Limoneux,A,220000-C,0.213,0.694,0.093,0,NA,W,0.13469117367999997,0.3298994935835945,0.43162790556759445,1.5061860502458746,1,224,5,0.07827426340055602,0.3990301020599399,0.0033033123667784536,1.5168606280834958,9.759118711901058,0.010557189219652508,0.009979882919913769,1.1682057560230006,1.0529603763057491,1.3133589754910153
230000,1.5,30,NA,"1000, 10000","Mix (tourbeux), omgeven met G",B,230000-A,0.231,0.571,0.198,0,NA,W,0.14853267976,0.32243108100280254,0.4559713720908025,1.4416758639593732,1,225,5,0.08084654629087981,0.41092828384073754,0.004867939892350616,1.4152206575262842,12.320211846031235,0.008870094001181357,0.007829340343665725,1.1323016779719375,1.0306179146881687,1.2177567391166053
230000,0.5,200,NA,"1000, 10000","Mix (tourbeux), omgeven met G",B,230000-C,0.231,0.571,0.198,0,NA,W,0.14398749976,0.31380443365884336,0.42738716074684335,1.517424024020865,1,226,5,0.0783416146237248,0.3924669617460455,0.004735270453465651,1.4065513438306778,8.60898727232375,0.008600492086431002,0.0073890946579572596,1.1295709317952967,1.0337890646134753,1.224496464562382
231000,1.5,30,NA,7410,Limoneux sableux,G,231000-A,0.22,0.35,0.43,10,NA,W,0.142094092,0.27196345744068906,0.43170034704068905,1.5739411755111536,1,227,5,0.0717720755549484,0.37299516903695673,0.009182494472208353,1.3132607908979872,9.269372071384936,0.0076202542738313585,0.007182670393653614,1.1257620554890115,1.0180919903284484,1.245781820975663
231000,1.5,100,NA,7410,Limoneux sableux,G,231000-C,0.22,0.35,0.43,25,NA,W,0.142094092,0.27196345744068906,0.43170034704068905,1.6881923905613727,1,228,5,0.07052081099855463,0.3471752485326476,0.007896752603038808,1.2982299720001702,4.695200188489357,0.008278615145366071,0.007507455198931902,1.1227567843463226,1.0267068727814128,1.2327881123873894
232000,1.5,30,NA,6010 6020,Limoneux,G,232000-A,0.231,0.571,0.198,0,NA,W,0.14853267976,0.32243108100280254,0.4559713720908025,1.4416758639593732,1,229,5,0.08084654629087981,0.41092828384073754,0.004867939892350616,1.4152206575262842,12.320211846031235,0.008870094001181357,0.007829340343665725,1.1323016779719375,1.0306179146881687,1.2177567391166053
232000,0.5,100,NA,6010 6020,Limoneux,G,232000-C,0.231,0.571,0.198,5,NA,W,0.14398749976,0.31380443365884336,0.42738716074684335,1.550558462973987,1,230,5,0.0782238076357858,0.3857022651613536,0.004519445184515473,1.4044713299842597,7.157395180672178,0.008764944007607594,0.007474157448685805,1.1322181669927798,1.0366618777539511,1.2295581113466902
233000,1.5,30,NA,7210 7220 7310 7610,"Limoneux, calliouteux",G,233000-A,0.231,0.571,0.198,10,NA,W,0.14853267976,0.32243108100280254,0.4559713720908025,1.5105527447220157,1,231,5,0.08082358131417927,0.3969292810809947,0.0044229067439070435,1.4134682668421605,8.478453448273477,0.008897139481994335,0.007648582288026955,1.1305543825042181,1.0349945154317821,1.219366590263339
233000,0.5,100,NA,7211 7220 7310 7610,Limoneux,G,233000-C,0.231,0.571,0.198,25,sommige plekken tot 200 cm,W,0.14398749976,0.31380443365884336,0.42738716074684335,1.6989515430819284,1,232,5,0.07670625860327243,0.35468073579482484,0.0035476683439003474,1.3849422870359749,2.859405022286074,0.011461749179542704,0.009966411251466332,1.2531898480124324,1.0579526656156215,1.4000831488108891
235000,1.5,30,NA,7510,Limoneux calcaire,G,235000-A,0.284,0.584,0.133,10,NA,W,0.17738415544000002,0.35256890013317554,0.47277015680517553,1.466490372817296,1.001,233,5,0.09633169876050142,0.4201346578177539,0.004221126384310049,1.3856580591576841,8.006621023452919,0.011770804007136074,0.010602196660339567,1.1609722075596485,1.035978453126951,1.2711622204669815
235000,1.5,100,NA,7510,Limoneux calcaire,G,235000-C,0.284,0.584,0.133,25,NA,W,0.17738415544000002,0.35256890013317554,0.47277015680517553,1.584426472419267,1.001,234,5,0.09521550143906893,0.3940069400035195,0.003424918923492299,1.3736414058393018,3.714174131296598,0.01241049548427627,0.010318370441062269,1.2015857052514505,1.0473919972131716,1.3170683293195062
250000,1.5,30,NA,5010 5020,Argilleux,E,250000-A,0.284,0.584,0.133,0,worrdt kleefaarde,W,0.17738415544000002,0.35256890013317554,0.47277015680517553,1.397159084466285,1.001,235,5,0.09635898749282622,0.4350027214924157,0.004697091744590758,1.3880128312970772,12.01781400092747,0.012026473538551756,0.010950875114796622,1.1666860598534523,1.0330477297142069,1.2864535010947247
250000,0.5,75,NA,5010 5020,Argilleux,E,250000-C,0.284,0.584,0.133,0,worrdt kleefaarde,W,0.17399493544000003,0.34635702885064,0.44702771752264003,1.4653765485650039,1.001,236,5,0.09441624324749866,0.4180569158825034,0.004462693044363156,1.382098623242269,8.366904052111115,0.011374010567192394,0.010288140086560597,1.1596216299480309,1.0347269282950626,1.2739815601598001
320000,1.5,30,NA,A,Leem,A-L,320000-A,0.213,0.694,0.093,0,NA,Vl,0.13890461367999998,0.33848102328472746,0.46405413526872746,1.420256541537872,1,237,5,0.08082815854121507,0.4181956599232811,0.0034322010016480872,1.5292177648896752,14.475293699635808,0.010669033630676634,0.010328517099174515,1.1601074262198146,1.0480853869451188,1.3060857391751937
320000,0.5,150,NA,A,Leem,A-L,320000-C,0.213,0.694,0.093,0,NA,Vl,0.13469117367999997,0.3298994935835945,0.43162790556759445,1.5061860502458746,1,238,5,0.07827426340055602,0.3990301020599399,0.0033033123667784536,1.5168606280834958,9.759118711901058,0.010557189219652508,0.009979882919913769,1.1682057560230006,1.0529603763057491,1.3133589754910153
330000,1.5,30,NA,G,"Complex, vaak op steile hellingen, omgeven met G",G,330000-A,0.231,0.571,0.198,0,NA,Vl,0.14853267976,0.32243108100280254,0.4559713720908025,1.4416758639593732,1,239,5,0.08084654629087981,0.41092828384073754,0.004867939892350616,1.4152206575262842,12.320211846031235,0.008870094001181357,0.007829340343665725,1.1323016779719375,1.0306179146881687,1.2177567391166053
330000,0.5,120,NA,G,"Complex, vaak op steile hellingen, omgeven met G",G,330000-C,0.231,0.571,0.198,0,NA,Vl,0.14398749976,0.31380443365884336,0.42738716074684335,1.517424024020865,1,240,5,0.0783416146237248,0.3924669617460455,0.004735270453465651,1.4065513438306778,8.60898727232375,0.008600492086431002,0.0073890946579572596,1.1295709317952967,1.0337890646134753,1.224496464562382
333000,1.5,30,NA,B,Stenige leem,B,333000-A,0.231,0.571,0.198,10,NA,Vl,0.14853267976,0.32243108100280254,0.4559713720908025,1.5105527447220157,1,241,5,0.08082358131417927,0.3969292810809947,0.0044229067439070435,1.4134682668421605,8.478453448273477,0.008897139481994335,0.007648582288026955,1.1305543825042181,1.0349945154317821,1.219366590263339
333000,0.5,200,NA,B,Stenige leem,B,333000-C,0.231,0.571,0.198,25,NA,Vl,0.14398749976,0.31380443365884336,0.42738716074684335,1.6989515430819284,1,242,5,0.07670625860327243,0.35468073579482484,0.0035476683439003474,1.3849422870359749,2.859405022286074,0.011461749179542704,0.009966411251466332,1.2531898480124324,1.0579526656156215,1.4000831488108891
350000,1.5,30,NA,E,kleiig,E,350000-A,0.55,0.3,0.15,0,NA,Vl,0.3222964000000001,0.44310351960667504,0.523073739606675,1.263854590042311,1,243,5,0.15274906613561348,0.5220047097649002,0.014153143217700993,1.1595536146577905,16.05670673580947,0.02706361919531194,0.017466682796160943,1.389217628447985,1.0454241727835243,1.5906704648658454
350000,0.5,75,NA,E,kleiig,E,350000-C,0.55,0.3,0.15,0,NA,Vl,0.32275240000000005,0.448000354524675,0.520690374524675,1.270170507509611,1,244,5,0.15152680298580185,0.5216617490492308,0.0130597469951318,1.1581938675927255,14.58695764304314,0.027395243863190234,0.017816707963935623,1.3853842397992004,1.0450156754261524,1.5921409304007086
410000,1.5,30,NA,S,Sand,1,410000-A,0.08,0.35,0.57,0,NA,D,0.06104921200000002,0.17365943566052353,0.42560990126052356,1.5221337616596124,0.9999999999999999,245,5,0.039885609438280074,0.3539858454174094,0.016166763792647136,1.3735378897111392,37.09712110071745,0.008590553015823173,0.009258451335562539,1.1635128402246404,1.0266555903115495,1.212642982071374
410000,0.5,200,NA,S,Sand,1,410000-C,0.08,0.35,0.57,0,NA,D,0.052145812,0.15955438560553153,0.39583197120553154,1.6010452763053413,0.9999999999999999,246,5,0.037569617549308564,0.33513883080949664,0.01665919617755069,1.3773272920004325,30.176706396193563,0.008874646619824804,0.010882761681031998,1.1721292631497076,1.0289643792770489,1.2341070274897064
412000,1.5,30,NA,lS,Lemigher sand,2,412000-A,0.08,0.35,0.57,0,NA,D,0.06104921200000002,0.17365943566052353,0.42560990126052356,1.5221337616596124,0.9999999999999999,247,5,0.039885609438280074,0.3539858454174094,0.016166763792647136,1.3735378897111392,37.09712110071745,0.008590553015823173,0.009258451335562539,1.1635128402246404,1.0266555903115495,1.212642982071374
412000,0.5,100,NA,lS,Lemigher sand,2,412000-C,0.08,0.35,0.57,0,NA,D,0.052145812,0.15955438560553153,0.39583197120553154,1.6010452763053413,0.9999999999999999,248,5,0.037569617549308564,0.33513883080949664,0.01665919617755069,1.3773272920004325,30.176706396193563,0.008874646619824804,0.010882761681031998,1.1721292631497076,1.0289643792770489,1.2341070274897064
420000,1.5,30,NA,sL,sandiger Lehm,4,420000-A,0.22,0.35,0.43,0,NA,D,0.142094092,0.27196345744068906,0.43170034704068905,1.505994080342174,1,249,5,0.07218972257519203,0.3882807795072166,0.009951230791229563,1.319487900162503,13.540949802826182,0.0076260162228306535,0.007576705721538569,1.1391730068484063,1.017700634684553,1.2435349602036327
420000,0.5,120,NA,sL,sandiger Lehm,4,420000-C,0.22,0.35,0.43,0,NA,D,0.136063492,0.26160597539528113,0.40773134499528113,1.5695119357625051,1,250,5,0.06933426124396068,0.3711580282778397,0.010042047585285312,1.3163932269888259,10.565219730995803,0.007518468047947076,0.007118394472743723,1.1275113557052996,1.0173727462869715,1.2430321717424617
424000,1.5,30,NA,uL,Schluffiger Lehm,4,424000-A,0.15,0.65,0.2,0,NA,D,0.1041061,0.29364176236967493,0.44370714236967496,1.4741760727203612,1,251,5,0.062180647966634556,0.38862564508910713,0.0042345783878556705,1.520257475054849,16.14237747905378,0.008884398703078222,0.007798074091833902,1.148313284476022,1.0440939622290462,1.3224604320911963
424000,0.5,120,NA,uL,Schluffiger Lehm,4,424000-C,0.15,0.65,0.2,0,NA,D,0.0983491,0.28227101146567496,0.408859791465675,1.566521552615961,1,252,5,0.059505891878652885,0.36847873484408483,0.004209968868908133,1.5058686472141445,11.191454006666564,0.009654034622399357,0.009348128083159395,1.1821171409444164,1.052149928108824,1.3970223067606913
425000,1.5,30,NA,tL,Toniger lehm,5,425000-A,0.195,0.731,0.074,0,NA,D,0.12925192359999998,0.33756911207254103,0.46251377775254104,1.4243384889557664,1,253,5,0.0777396396680243,0.4152790146209416,0.0030993940908054874,1.5822176275815443,15.326706619457196,0.011127034948237047,0.011160070578674162,1.1759098921650133,1.056414476946834,1.3410377110825824
425000,0.5,120,NA,tL,Toniger lehm,5,425000-C,0.195,0.731,0.074,0,NA,D,0.1248800236,0.32845053342290004,0.42819589110289996,1.5152808885773148,1,254,5,0.07507864199380074,0.3956849381537474,0.0029893862034229253,1.567408163412357,10.25287204466358,0.011297679820075474,0.011222539422509479,1.19323156081879,1.0625065805117668,1.3620200806236396
440000,1.5,30,NA,IU,Lemigher Schluff,3,440000-A,0.12,0.65,0.23,0,NA,D,0.08736725199999999,0.2756129820719123,0.4376994796719123,1.4900963788694326,1,255,5,0.0550229288626215,0.3781579473279395,0.004525477240981578,1.5294396350821016,18.03247949179466,0.00936846460007178,0.00895634068860752,1.1721171251356342,1.0472959894614657,1.3874304309538716
440000,0.5,200,NA,IU,Lemigher Schluff,3,440000-C,0.12,0.65,0.23,0,NA,D,0.080994652,0.2631770265678643,0.4013452041678643,1.5864352089551597,1,256,5,0.052460674156731314,0.35770426015964957,0.004548232932590032,1.5146572701789667,12.626467947384787,0.010282264967285553,0.011334017243776183,1.2213239282561004,1.0571429641414725,1.50087299610209
450000,1.5,30,NA,T,Ton,5,450000-A,0.284,0.584,0.133,0,NA,D,0.17738415544000002,0.35256890013317554,0.47277015680517553,1.397159084466285,1.001,257,5,0.09635898749282622,0.4350027214924157,0.004697091744590758,1.3880128312970772,12.01781400092747,0.012026473538551756,0.010950875114796622,1.1666860598534523,1.0330477297142069,1.2864535010947247
450000,0.5,200,NA,T,Ton,5,450000-C,0.284,0.584,0.133,0,NA,D,0.17399493544000003,0.34635702885064,0.44702771752264003,1.4653765485650039,1.001,258,5,0.09441624324749866,0.4180569158825034,0.004462693044363156,1.382098623242269,8.366904052111115,0.011374010567192394,0.010288140086560597,1.1596216299480309,1.0347269282950626,1.2739815601598001
