lu_nr,description,rr,n_res,n_veg,om,smax_eq,od,cover,n,notes,do_LE
1,akker,1,0.01,0.01,2.53,1,10,0.7,0.018,DO NOT CHANGE fixed during calibration,F
2,loofbos,1.4,0.06,0.09,7.75,6,20,0.9,0.1417,DO NOT CHANGE fixed during calibration,F
3,(productie) grasland,1.3,0.02,0.03,6,8,10,0.7,0.0423,DO NOT CHANGE fixed during calibration,F
4,natuurlijk grasland,1.2,0.01,0.06,6.55,8,10,0.8,0.0588,DO NOT CHANGE fixed during calibration,F
5,verhard,0.5,0.05,0,0.9,8,5,0.05,0.0505,DO NOT CHANGE fixed during calibration,F
6,water bodies,0,0.1,0,0,0,1,0,0.1,DO NOT CHANGE fixed during calibration,F
7,naaldbos,1.05,0.05,0.08,9.5,3,20,0.9,0.1227,DO NOT CHANGE fixed during calibration,F
11,structuurrijk_grasland,1.3,0.02,0.03,6.975,8,10,0.7,0.0647,,F
12,natuurlijk_hooiland,1.2,0.01,0.06,6.55,8,10,0.8,0.0588,,F
13,productie_grasland,1.3,0.02,0.03,6,8,10,0.7,0.0423,,F
14,voedselbos,1.4,0.06,0.09,6.975,6,20,0.9,0.09919,,F
15,natuurlijk_bos,1.4,0.06,0.09,7.75,6,20,0.9,0.1417,,F
16,omvorming_naaldbos,1.4,0.06,0.09,7.75,6,20,0.9,0.1417,,F
17,contourgreppels,1.2,0.01,0.06,6.55,8,10,0.8,0.0588,,T
18,ruigtebaan_droogdal,1.2,0.02,0.03,6.55,8,10,0.9,0.09919,,F
19,graften,1.3,0.02,0.03,6.975,8,15,0.8,0.0647,,T
20,infiltratiestroken,1.4,0.06,0.09,7.75,6,20,0.9,0.1417,,T
21,waterbuffer_droogdal,1.2,0.01,0.06,6.55,8,10,0.8,0.0588,,T
22,afgestemd_teeltplan,1,0.01,0.01,2.53,1,10,0.7,0.018,not realy possible with the current calibration dataset,F
23,organische_stof,1,0.01,0.01,4.25,1,10,0.7,0.018,raise OM compared to akker,F
24,contourploegen,2.5,0.01,0.01,2.53,1,10,0.7,0.018,,F
25,heggen,1.4,0.06,0.09,7.75,6,20,0.9,0.1417,,F
26,structuurrijk_grasland_natuurlijk_bos,1.35,0.04,0.06,7.3625,6,15,0.8,0.1032,,F
27,organische_stof_ploegen_contour_afgestemd_teeltplan,2.5,0.01,0.01,4.25,1,10,0.7,0.018,,F
28,countourbewerking_organische_stof,2.5,0.01,0.01,4.25,1,10,0.7,0.018,,F
